traj_id,t,y,u
3,0.0,1.4697065353393555,1.0
3,0.015640273690223694,1.4397611618041992,1.0
3,0.03128054738044739,1.4097760915756226,1.0
3,0.04692082107067108,1.3797887563705444,1.0
3,0.06256109476089478,1.349834680557251,1.0
3,0.07820136845111847,1.3199471235275269,1.0
3,0.09384164214134216,1.2901577949523926,1.0
3,0.10948191583156586,1.2604961395263672,1.0
3,0.12512218952178955,1.230989933013916,1.0
3,0.14076246321201324,1.2016650438308716,1.0
3,0.15640273690223694,1.1725455522537231,1.0
3,0.17204301059246063,1.1436537504196167,1.0
3,0.18768328428268433,1.1150102615356445,1.0
3,0.20332355797290802,1.0866341590881348,1.0
3,0.2189638316631317,1.0585428476333618,1.0
3,0.2346041053533554,1.030752182006836,1.0
3,0.2502443790435791,1.0032767057418823,1.0
3,0.265884667634964,0.9761295914649963,1.0
3,0.2815249264240265,0.9493227005004883,1.0
3,0.2971652150154114,0.9228665232658386,1.0
3,0.3128054738044739,0.8967705965042114,1.0
3,0.32844576239585876,0.8710431456565857,1.0
3,0.34408602118492126,0.8456916213035583,1.0
3,0.35972630977630615,0.8207221627235413,1.0
3,0.37536656856536865,0.7961403727531433,1.0
3,0.39100685715675354,0.7719506621360779,1.0
3,0.40664711594581604,0.7481569051742554,1.0
3,0.4222874045372009,0.7247620820999146,1.0
3,0.4379276633262634,0.7017685770988464,1.0
3,0.4535679519176483,0.67917799949646,1.0
3,0.4692082107067108,0.6569916009902954,1.0
3,0.4848484992980957,0.6352097988128662,1.0
3,0.5004887580871582,0.6138328313827515,1.0
3,0.5161290168762207,0.5928602814674377,1.0
3,0.531769335269928,0.5722912549972534,1.0
3,0.5474095940589905,0.5521247386932373,1.0
3,0.563049852848053,0.5323591232299805,1.0
3,0.5786901116371155,0.5129926204681396,1.0
3,0.5943304300308228,0.49402308464050293,1.0
3,0.6099706888198853,0.47544828057289124,1.0
3,0.6256109476089478,0.45726558566093445,1.0
3,0.6412512063980103,0.4394722282886505,1.0
3,0.6568915247917175,0.42206519842147827,1.0
3,0.67253178358078,0.40504154562950134,1.0
3,0.6881720423698425,0.3883979916572571,1.0
3,0.703812301158905,0.37213119864463806,1.0
3,0.7194526195526123,0.3562376797199249,1.0
3,0.7350928783416748,0.3407140374183655,1.0
3,0.7507331371307373,0.3255566656589508,1.0
3,0.7663733959197998,0.310761958360672,1.0
3,0.7820137143135071,0.2963261902332306,1.0
3,0.7976539731025696,0.28224581480026245,1.0
3,0.8132942318916321,0.2685171067714691,1.0
3,0.8289344906806946,0.2551363706588745,1.0
3,0.8445748090744019,0.2420998513698578,1.0
3,0.8602150678634644,0.2294040024280548,1.0
3,0.8758553266525269,0.2170451283454895,1.0
3,0.8914955854415894,0.20501959323883057,1.0
3,0.9071359038352966,0.1933237761259079,1.0
3,0.9227761626243591,0.18195421993732452,1.0
3,0.9384164214134216,0.1709073781967163,1.0
3,0.9540566802024841,0.16017980873584747,1.0
3,0.9696969985961914,0.14976805448532104,1.0
3,0.9853372573852539,0.13966885209083557,1.0
3,1.0009775161743164,0.12987887859344482,1.0
3,1.016617774963379,0.12039490789175034,1.0
3,1.0322580337524414,0.11121377348899841,1.0
3,1.047898292541504,0.10233238339424133,1.0
3,1.063538670539856,0.09374763816595078,1.0
3,1.0791789293289185,0.08545670658349991,1.0
3,1.094819188117981,0.07745662331581116,1.0
3,1.1104594469070435,0.06974457204341888,1.0
3,1.126099705696106,0.062317799776792526,1.0
3,1.1417399644851685,0.05517362430691719,1.0
3,1.157380223274231,0.048309437930583954,1.0
3,1.1730204820632935,0.041722699999809265,1.0
3,1.1886608600616455,0.03541089966893196,1.0
3,1.204301118850708,0.02937173843383789,1.0
3,1.2199413776397705,0.023602847009897232,1.0
3,1.235581636428833,0.018101975321769714,1.0
3,1.2512218952178955,0.012866943143308163,1.0
3,1.266862154006958,0.007895643822848797,1.0
3,1.2825024127960205,0.003186039160937071,1.0
3,1.298142671585083,-0.0012638382613658905,1.0
3,1.313783049583435,-0.005455917213112116,1.0
3,1.3294233083724976,-0.009391962550580502,1.0
3,1.34506356716156,-0.013073768466711044,1.0
3,1.3607038259506226,-0.016503026708960533,1.0
3,1.376344084739685,-0.01968136429786682,1.0
3,1.3919843435287476,-0.022610340267419815,1.0
3,1.40762460231781,-0.02529144659638405,1.0
3,1.4232648611068726,-0.02772611379623413,1.0
3,1.4389052391052246,-0.029915718361735344,1.0
3,1.454545497894287,-0.031861525028944016,1.0
3,1.4701857566833496,-0.033564791083335876,1.0
3,1.485826015472412,-0.035026684403419495,1.0
3,1.5014662742614746,-0.03624831512570381,1.0
3,1.517106533050537,-0.037230733782052994,1.0
3,1.5327467918395996,-0.037974923849105835,1.0
3,1.548387050628662,-0.038481809198856354,1.0
3,1.5640274286270142,-0.03875225782394409,1.0
3,1.5796676874160767,-0.03878706693649292,1.0
3,1.5953079462051392,-0.03858698904514313,1.0
3,1.6109482049942017,-0.03815270587801933,1.0
3,1.6265884637832642,-0.03748484328389168,1.0
3,1.6422287225723267,-0.03658396750688553,1.0
3,1.6578689813613892,-0.035450588911771774,1.0
3,1.6735092401504517,-0.03408515825867653,1.0
3,1.6891496181488037,-0.03248805180191994,1.0
3,1.7047898769378662,-0.03065963089466095,1.0
3,1.7204301357269287,-0.028600161895155907,1.0
3,1.7360703945159912,-0.026309864595532417,1.0
3,1.7517106533050537,-0.023788901045918465,1.0
3,1.7673509120941162,-0.021037377417087555,1.0
3,1.7829911708831787,-0.018055342137813568,1.0
3,1.7986314296722412,-0.014842787757515907,1.0
3,1.8142718076705933,-0.01139962300658226,1.0
3,1.8299120664596558,-0.007725780829787254,1.0
3,1.8455523252487183,-0.0038210591301321983,1.0
3,1.8611925840377808,0.0003147739917039871,1.0
3,1.8768328428268433,0.0046820081770420074,1.0
3,1.8924731016159058,0.009280987083911896,1.0
3,1.9081133604049683,0.014112109318375587,1.0
3,1.9237536191940308,0.019175829365849495,1.0
3,1.9393939971923828,0.02447269856929779,1.0
3,1.9550342559814453,0.030003199353814125,1.0
3,1.9706745147705078,0.03576798737049103,1.0
3,1.9863147735595703,0.04176773875951767,1.0
3,2.001955032348633,0.0480031743645668,1.0
3,2.0175952911376953,0.054475072771310806,1.0
3,2.033235549926758,0.06118426471948624,1.0
3,2.0488758087158203,0.06813163310289383,1.0
3,2.064516067504883,0.0753181055188179,1.0
3,2.0801563262939453,0.08274466544389725,1.0
3,2.095796585083008,0.09041234105825424,1.0
3,2.1114368438720703,0.09832221269607544,1.0
3,2.127077341079712,0.10647552460432053,1.0
3,2.1427175998687744,0.11487320065498352,1.0
3,2.158357858657837,0.12351657450199127,1.0
3,2.1739981174468994,0.13240690529346466,1.0
3,2.189638376235962,0.14154547452926636,1.0
3,2.2052786350250244,0.1509336233139038,1.0
3,2.220918893814087,0.16057270765304565,1.0
3,2.2365591526031494,0.1704641431570053,1.0
3,2.252199411392212,0.1806093454360962,1.0
3,2.2678396701812744,0.1910097748041153,1.0
3,2.283479928970337,0.2016669064760208,1.0
3,2.2991201877593994,0.21258224546909332,1.0
3,2.314760446548462,0.2237572968006134,1.0
3,2.3304007053375244,0.23519361019134521,1.0
3,2.346040964126587,0.24689270555973053,1.0
3,2.3616812229156494,0.2588561177253723,1.0
3,2.377321720123291,0.27108559012413025,1.0
3,2.3929619789123535,0.28358224034309387,1.0
3,2.408602237701416,0.29634779691696167,1.0
3,2.4242424964904785,0.309383749961853,1.0
3,2.439882755279541,0.32269152998924255,1.0
3,2.4555230140686035,0.33627259731292725,1.0
3,2.471163272857666,0.35012832283973694,1.0
3,2.4868035316467285,0.3642600476741791,1.0
3,2.502443790435791,0.37866902351379395,1.0
3,2.5180840492248535,0.39335644245147705,1.0
3,2.533724308013916,0.4083234369754791,1.0
3,2.5493645668029785,0.42357102036476135,1.0
3,2.565004825592041,0.43910008668899536,1.0
3,2.5806450843811035,0.4549114406108856,1.0
3,2.596285343170166,0.47100576758384705,1.0
3,2.6119256019592285,0.48738354444503784,1.0
3,2.62756609916687,0.5040454268455505,1.0
3,2.6432063579559326,0.5209910869598389,1.0
3,2.658846616744995,0.5382207036018372,1.0
3,2.6744868755340576,0.5557340979576111,1.0
3,2.69012713432312,0.5735308527946472,1.0
3,2.7057673931121826,0.5916102528572083,1.0
3,2.721407651901245,0.609971284866333,1.0
3,2.7370479106903076,0.628612756729126,1.0
3,2.75268816947937,0.6475330591201782,1.0
3,2.7683284282684326,0.6667302846908569,1.0
3,2.783968687057495,0.6862022280693054,1.0
3,2.7996089458465576,0.7059462666511536,1.0
3,2.81524920463562,0.725959300994873,1.0
3,2.8308894634246826,0.7462378740310669,1.0
3,2.846529722213745,0.7667781114578247,1.0
3,2.8621699810028076,0.7875755429267883,1.0
3,2.877810478210449,0.8086255788803101,1.0
3,2.8934507369995117,0.829922080039978,1.0
3,2.909090995788574,0.8514593243598938,1.0
3,2.9247312545776367,0.8732306957244873,1.0
3,2.940371513366699,0.8952288627624512,1.0
3,2.9560117721557617,0.917445957660675,1.0
3,2.971652030944824,0.9398732781410217,1.0
3,2.9872922897338867,0.9625015258789062,1.0
3,3.002932548522949,0.9853205680847168,1.0
3,3.0185728073120117,1.0083194971084595,1.0
3,3.034213066101074,1.0314866304397583,1.0
3,3.0498533248901367,1.0548094511032104,1.0
3,3.065493583679199,1.0782746076583862,1.0
3,3.0811338424682617,1.1018677949905396,1.0
3,3.096774101257324,1.125573754310608,1.0
3,3.1124143600463867,1.1493765115737915,1.0
3,3.1280548572540283,1.1732592582702637,1.0
3,3.143695116043091,1.197203278541565,1.0
3,3.1593353748321533,1.2211899757385254,1.0
3,3.174975633621216,1.24519944190979,1.0
3,3.1906158924102783,1.2692105770111084,1.0
3,3.206256151199341,1.2932015657424927,1.0
3,3.2218964099884033,1.3171494007110596,1.0
3,3.237536668777466,1.3410301208496094,1.0
3,3.2531769275665283,1.3648189306259155,1.0
3,3.268817186355591,1.3884899616241455,1.0
3,3.2844574451446533,1.4120166301727295,1.0
3,3.300097703933716,1.4353711605072021,1.0
3,3.3157379627227783,1.45852530002594,1.0
3,3.331378221511841,1.4814497232437134,1.0
3,3.3470184803009033,1.5041143894195557,1.0
3,3.362658739089966,1.5264886617660522,1.0
3,3.3782992362976074,1.5485416650772095,1.0
3,3.39393949508667,1.5702409744262695,1.0
3,3.4095797538757324,1.5915545225143433,1.0
3,3.425220012664795,1.6124497652053833,1.0
3,3.4408602714538574,1.6328939199447632,1.0
3,3.45650053024292,1.6528538465499878,1.0
3,3.4721407890319824,1.6722965240478516,1.0
3,3.487781047821045,1.691188931465149,1.0
3,3.5034213066101074,1.7094982862472534,1.0
3,3.51906156539917,1.7271920442581177,1.0
3,3.5347018241882324,1.744238257408142,1.0
3,3.550342082977295,1.7606054544448853,1.0
3,3.5659823417663574,1.776262879371643,1.0
3,3.58162260055542,1.7911808490753174,1.0
3,3.5972628593444824,1.8053303956985474,1.0
3,3.612903118133545,1.8186839818954468,1.0
3,3.6285436153411865,1.8312153816223145,1.0
3,3.644183874130249,1.842899203300476,1.0
3,3.6598241329193115,1.8537123203277588,1.0
3,3.675464391708374,1.8636330366134644,1.0
3,3.6911046504974365,1.8726415634155273,1.0
3,3.706744909286499,1.880719780921936,1.0
3,3.7223851680755615,1.8878518342971802,1.0
3,3.738025426864624,1.8940237760543823,1.0
3,3.7536656856536865,1.899224042892456,1.0
3,3.769305944442749,1.9034430980682373,1.0
3,3.7849462032318115,1.9066740274429321,1.0
3,3.800586462020874,1.9089120626449585,1.0
3,3.8162267208099365,1.9101548194885254,1.0
3,3.831866979598999,1.9104024171829224,1.0
3,3.8475072383880615,1.9096574783325195,1.0
3,3.863147497177124,1.907924771308899,1.0
3,3.8787879943847656,1.9052115678787231,1.0
3,3.894428253173828,1.9015276432037354,1.0
3,3.9100685119628906,1.896884799003601,1.0
3,3.925708770751953,1.8912971019744873,1.0
3,3.9413490295410156,1.884781002998352,1.0
3,3.956989288330078,1.877354621887207,1.0
3,3.9726295471191406,1.8690383434295654,1.0
3,3.988269805908203,1.8598543405532837,1.0
3,4.003910064697266,1.8498263359069824,1.0
3,4.019550323486328,1.8389798402786255,1.0
3,4.035190582275391,1.8273417949676514,1.0
3,4.050830841064453,1.8149404525756836,1.0
3,4.066471099853516,1.8018053770065308,1.0
3,4.082111358642578,1.7879669666290283,1.0
3,4.097751617431641,1.7734568119049072,1.0
3,4.113391876220703,1.7583070993423462,1.0
3,4.129032135009766,1.7425507307052612,1.0
3,4.144672393798828,1.7262212038040161,1.0
3,4.160312652587891,1.7093522548675537,1.0
3,4.175952911376953,1.691977858543396,1.0
3,4.191593170166016,1.674132227897644,1.0
3,4.207233428955078,1.6558494567871094,1.0
3,4.222873687744141,1.6371636390686035,1.0
3,4.238513946533203,1.6181085109710693,1.0
3,4.254154682159424,1.5987169742584229,1.0
3,4.269794940948486,1.5790232419967651,1.0
3,4.285435199737549,1.5590592622756958,1.0
3,4.301075458526611,1.538857102394104,1.0
3,4.316715717315674,1.5184481143951416,1.0
3,4.332355976104736,1.4978628158569336,1.0
3,4.347996234893799,1.4771310091018677,1.0
3,4.363636493682861,1.4562817811965942,1.0
3,4.379276752471924,1.4353431463241577,1.0
3,4.394917011260986,1.4143424034118652,1.0
3,4.410557270050049,1.3933058977127075,1.0
3,4.426197528839111,1.3722589015960693,1.0
3,4.441837787628174,1.3512258529663086,1.0
3,4.457478046417236,1.3302301168441772,1.0
3,4.473118305206299,1.3092941045761108,1.0
3,4.488758563995361,1.2884392738342285,1.0
3,4.504398822784424,1.2676860094070435,1.0
3,4.520039081573486,1.2470537424087524,1.0
3,4.535679340362549,1.2265610694885254,1.0
3,4.551319599151611,1.2062253952026367,1.0
3,4.566959857940674,1.1860634088516235,1.0
3,4.582600116729736,1.166090726852417,1.0
3,4.598240375518799,1.1463221311569214,1.0
3,4.613880634307861,1.1267714500427246,1.0
3,4.629520893096924,1.1074519157409668,1.0
3,4.645161151885986,1.0883755683898926,1.0
3,4.660801410675049,1.0695539712905884,1.0
3,4.676441669464111,1.0509977340698242,1.0
3,4.692081928253174,1.0327167510986328,1.0
3,4.707722187042236,1.0147203207015991,1.0
3,4.723362445831299,0.9970169067382812,1.0
3,4.739002704620361,0.9796143770217896,1.0
3,4.754643440246582,0.9625195264816284,1.0
3,4.7702836990356445,0.9457401037216187,1.0
3,4.785923957824707,0.9292816519737244,1.0
3,4.8015642166137695,0.9131497740745544,1.0
3,4.817204475402832,0.8973495364189148,1.0
3,4.8328447341918945,0.8818855285644531,1.0
3,4.848484992980957,0.8667619228363037,1.0
3,4.8641252517700195,0.8519823551177979,1.0
3,4.879765510559082,0.8375502228736877,1.0
3,4.8954057693481445,0.8234684467315674,1.0
3,4.911046028137207,0.8097395896911621,1.0
3,4.9266862869262695,0.7963659167289734,1.0
3,4.942326545715332,0.7833493947982788,1.0
3,4.9579668045043945,0.7706916332244873,1.0
3,4.973607063293457,0.7583940625190735,1.0
3,4.9892473220825195,0.7464578151702881,1.0
3,5.004887580871582,0.7348837852478027,1.0
3,5.0205278396606445,0.7236726880073547,1.0
3,5.036168098449707,0.7128250002861023,1.0
3,5.0518083572387695,0.7023410201072693,1.0
3,5.067448616027832,0.69222092628479,1.0
3,5.0830888748168945,0.6824647188186646,1.0
3,5.098729133605957,0.6730722784996033,1.0
3,5.1143693923950195,0.6640433073043823,1.0
3,5.130009651184082,0.6553774476051331,1.0
3,5.1456499099731445,0.6470741629600525,1.0
3,5.161290168762207,0.6391329169273376,1.0
3,5.1769304275512695,0.631553053855896,1.0
3,5.192570686340332,0.6243337988853455,1.0
3,5.2082109451293945,0.617474377155304,1.0
3,5.223851203918457,0.6109738945960999,1.0
3,5.2394914627075195,0.6048314571380615,1.0
3,5.25513219833374,0.599045991897583,1.0
3,5.270772457122803,0.593616783618927,1.0
3,5.286412715911865,0.588542640209198,1.0
3,5.302052974700928,0.5838225483894348,1.0
3,5.31769323348999,0.5794554352760315,1.0
3,5.333333492279053,0.5754401683807373,1.0
3,5.348973751068115,0.5717757344245911,1.0
3,5.364614009857178,0.5684609413146973,1.0
3,5.38025426864624,0.56549471616745,1.0
3,5.395894527435303,0.5628759264945984,1.0
3,5.411534786224365,0.5606034994125366,1.0
3,5.427175045013428,0.5586762428283691,1.0
3,5.44281530380249,0.5570931434631348,1.0
3,5.458455562591553,0.5558530688285828,1.0
3,5.474095821380615,0.5549548864364624,1.0
3,5.489736080169678,0.5543975234031677,1.0
3,5.50537633895874,0.5541799664497375,1.0
3,5.521016597747803,0.5543010830879211,1.0
3,5.536656856536865,0.5547598600387573,1.0
3,5.552297115325928,0.5555552244186401,1.0
3,5.56793737411499,0.5566861629486084,1.0
3,5.583577632904053,0.5581516027450562,1.0
3,5.599217891693115,0.559950590133667,1.0
3,5.614858150482178,0.562082052230835,1.0
3,5.63049840927124,0.5645449757575989,1.0
3,5.646138668060303,0.5673384070396423,1.0
3,5.661778926849365,0.5704613327980042,1.0
3,5.677419185638428,0.5739126801490784,1.0
3,5.69305944442749,0.5776914954185486,1.0
3,5.708699703216553,0.5817967653274536,1.0
3,5.724339962005615,0.5862274169921875,1.0
3,5.739980220794678,0.5909824371337891,1.0
3,5.755620956420898,0.5960609316825867,1.0
3,5.771261215209961,0.6014615297317505,1.0
3,5.786901473999023,0.6071832180023193,1.0
3,5.802541732788086,0.6132249236106873,1.0
3,5.818181991577148,0.6195854544639587,1.0
3,5.833822250366211,0.6262635588645935,1.0
3,5.849462509155273,0.6332579851150513,1.0
3,5.865102767944336,0.6405674815177917,1.0
3,5.880743026733398,0.6481906175613403,1.0
3,5.896383285522461,0.6561259627342224,1.0
3,5.912023544311523,0.6643720269203186,1.0
3,5.927663803100586,0.67292720079422,1.0
3,5.943304061889648,0.6817898154258728,1.0
3,5.958944320678711,0.6909580826759338,1.0
3,5.974584579467773,0.700430154800415,1.0
3,5.990224838256836,0.710204005241394,1.0
3,6.005865097045898,0.7202774882316589,1.0
3,6.021505355834961,0.730648398399353,1.0
3,6.037145614624023,0.7413143515586853,1.0
3,6.052785873413086,0.7522727251052856,1.0
3,6.068426132202148,0.7635208964347839,1.0
3,6.084066390991211,0.7750558853149414,1.0
3,6.099706649780273,0.7868746519088745,1.0
3,6.115346908569336,0.7989739179611206,1.0
3,6.130987167358398,0.8113501667976379,1.0
3,6.146627426147461,0.8239997029304504,1.0
3,6.162267684936523,0.8369185328483582,1.0
3,6.177907943725586,0.8501024842262268,1.0
3,6.193548202514648,0.8635470271110535,1.0
3,6.209188461303711,0.8772474527359009,1.0
3,6.224828720092773,0.8911986351013184,1.0
3,6.240468978881836,0.9053952693939209,1.0
3,6.256109714508057,0.9198320508003235,1.0
3,6.271749973297119,0.934502124786377,1.0
3,6.287390232086182,0.949399471282959,1.0
3,6.303030490875244,0.96451735496521,1.0
3,6.318670749664307,0.9798486828804016,1.0
3,6.334311008453369,0.9953858256340027,1.0
3,6.349951267242432,1.0111209154129028,1.0
3,6.365591526031494,1.027045488357544,1.0
3,6.381231784820557,1.043150782585144,1.0
3,6.396872043609619,1.0594274997711182,1.0
3,6.412512302398682,1.0758659839630127,1.0
3,6.428152561187744,1.0924558639526367,1.0
3,6.443792819976807,1.1091865301132202,1.0
3,6.459433078765869,1.1260467767715454,1.0
3,6.475073337554932,1.1430248022079468,1.0
3,6.490713596343994,1.1601084470748901,1.0
3,6.506353855133057,1.1772849559783936,1.0
3,6.521994113922119,1.1945409774780273,1.0
3,6.537634372711182,1.2118626832962036,1.0
3,6.553274631500244,1.2292357683181763,1.0
3,6.568914890289307,1.246645450592041,1.0
3,6.584555149078369,1.2640762329101562,1.0
3,6.600195407867432,1.2815121412277222,1.0
3,6.615835666656494,1.2989367246627808,1.0
3,6.631475925445557,1.3163330554962158,1.0
3,6.647116184234619,1.333683729171753,1.0
3,6.662756443023682,1.35097074508667,1.0
3,6.678396701812744,1.3681756258010864,1.0
3,6.694036960601807,1.385279655456543,1.0
3,6.709677219390869,1.4022635221481323,1.0
3,6.725317478179932,1.4191075563430786,1.0
3,6.740957736968994,1.4357918500900269,1.0
3,6.756598472595215,1.452296495437622,1.0
3,6.772238731384277,1.468599796295166,1.0
3,6.78787899017334,1.484681487083435,1.0
3,6.803519248962402,1.5005204677581787,1.0
3,6.819159507751465,1.516095519065857,1.0
3,6.834799766540527,1.5313853025436401,1.0
3,6.85044002532959,1.5463684797286987,1.0
3,6.866080284118652,1.5610235929489136,1.0
3,6.881720542907715,1.5753294229507446,1.0
3,6.897360801696777,1.5892647504806519,1.0
3,6.91300106048584,1.6028085947036743,1.0
3,6.928641319274902,1.6159402132034302,1.0
3,6.944281578063965,1.6286391019821167,1.0
3,6.959921836853027,1.640885353088379,1.0
3,6.97556209564209,1.652659296989441,1.0
3,6.991202354431152,1.6639418601989746,1.0
3,7.006842613220215,1.6747146844863892,1.0
3,7.022482872009277,1.6849600076675415,1.0
3,7.03812313079834,1.6946607828140259,1.0
3,7.053763389587402,1.7038007974624634,1.0
3,7.069403648376465,1.7123647928237915,1.0
3,7.085043907165527,1.720338225364685,1.0
3,7.10068416595459,1.7277077436447144,1.0
3,7.116324424743652,1.7344609498977661,1.0
3,7.131964683532715,1.7405866384506226,1.0
3,7.147604942321777,1.7460746765136719,1.0
3,7.16324520111084,1.7509162425994873,1.0
3,7.178885459899902,1.755103588104248,1.0
3,7.194525718688965,1.7586305141448975,1.0
3,7.210165977478027,1.7614917755126953,1.0
3,7.22580623626709,1.763683795928955,1.0
3,7.241446495056152,1.7652041912078857,1.0
3,7.257087230682373,1.766052007675171,1.0
3,7.2727274894714355,1.7662274837493896,1.0
3,7.288367748260498,1.7657324075698853,1.0
3,7.3040080070495605,1.764569878578186,1.0
3,7.319648265838623,1.762744426727295,1.0
3,7.3352885246276855,1.7602617740631104,1.0
3,7.350928783416748,1.7571290731430054,1.0
3,7.3665690422058105,1.7533546686172485,1.0
3,7.382209300994873,1.748948097229004,1.0
3,7.3978495597839355,1.7439202070236206,1.0
3,7.413489818572998,1.7382829189300537,1.0
3,7.4291300773620605,1.7320492267608643,1.0
3,7.444770336151123,1.7252333164215088,1.0
3,7.4604105949401855,1.7178502082824707,1.0
3,7.476050853729248,1.7099158763885498,1.0
3,7.4916911125183105,1.7014472484588623,1.0
3,7.507331371307373,1.6924619674682617,1.0
3,7.5229716300964355,1.6829782724380493,1.0
3,7.538611888885498,1.6730153560638428,1.0
3,7.5542521476745605,1.6625927686691284,1.0
3,7.569892406463623,1.6517306566238403,1.0
3,7.5855326652526855,1.6404495239257812,1.0
3,7.601172924041748,1.628770351409912,1.0
3,7.6168131828308105,1.616714358329773,1.0
3,7.632453441619873,1.6043031215667725,1.0
3,7.6480937004089355,1.5915582180023193,1.0
3,7.663733959197998,1.5785014629364014,1.0
3,7.6793742179870605,1.5651546716690063,1.0
3,7.695014476776123,1.551539659500122,1.0
3,7.7106547355651855,1.5376781225204468,1.0
3,7.726294994354248,1.5235916376113892,1.0
3,7.7419352531433105,1.5093016624450684,1.0
3,7.757575988769531,1.4948290586471558,1.0
3,7.773216247558594,1.4801955223083496,1.0
3,7.788856506347656,1.465421438217163,1.0
3,7.804496765136719,1.4505269527435303,1.0
3,7.820137023925781,1.4355320930480957,1.0
3,7.835777282714844,1.4204564094543457,1.0
3,7.851417541503906,1.4053189754486084,1.0
3,7.867057800292969,1.3901383876800537,1.0
3,7.882698059082031,1.3749327659606934,1.0
3,7.898338317871094,1.3597198724746704,1.0
3,7.913978576660156,1.3445167541503906,1.0
3,7.929618835449219,1.3293401002883911,1.0
3,7.945259094238281,1.3142060041427612,1.0
3,7.960899353027344,1.2991299629211426,1.0
3,7.976539611816406,1.2841269969940186,1.0
3,7.992179870605469,1.2692115306854248,1.0
3,8.007820129394531,1.2543975114822388,1.0
3,8.023460388183594,1.2396981716156006,1.0
3,8.039100646972656,1.2251263856887817,1.0
3,8.054740905761719,1.210694432258606,1.0
3,8.070381164550781,1.1964139938354492,1.0
3,8.086021423339844,1.1822962760925293,1.0
3,8.101661682128906,1.1683520078659058,1.0
3,8.117301940917969,1.1545913219451904,1.0
3,8.132942199707031,1.141023874282837,1.0
3,8.148582458496094,1.1276588439941406,1.0
3,8.164222717285156,1.1145050525665283,1.0
3,8.179862976074219,1.1015706062316895,1.0
3,8.195503234863281,1.0888632535934448,1.0
3,8.211143493652344,1.0763905048370361,1.0
3,8.226783752441406,1.0641591548919678,1.0
3,8.242424011230469,1.0521758794784546,1.0
3,8.258064270019531,1.0404466390609741,1.0
3,8.273704528808594,1.0289772748947144,1.0
3,8.289344787597656,1.017773151397705,1.0
3,8.304985046386719,1.006839394569397,1.0
3,8.320625305175781,0.9961805939674377,1.0
3,8.336265563964844,0.9858011603355408,1.0
3,8.351905822753906,0.9757051467895508,1.0
3,8.367546081542969,0.9658963084220886,1.0
3,8.383186340332031,0.9563781023025513,1.0
3,8.398826599121094,0.9471538066864014,1.0
3,8.414466857910156,0.9382263422012329,1.0
3,8.430107116699219,0.9295983910560608,1.0
3,8.445747375488281,0.9212724566459656,1.0
3,8.461387634277344,0.9132508039474487,1.0
3,8.477027893066406,0.9055353999137878,1.0
3,8.492668151855469,0.8981281518936157,1.0
3,8.508309364318848,0.8910302519798279,1.0
3,8.52394962310791,0.8842440247535706,1.0
3,8.539589881896973,0.8777703046798706,1.0
3,8.555230140686035,0.8716102242469788,1.0
3,8.570870399475098,0.8657647967338562,1.0
3,8.58651065826416,0.860234797000885,1.0
3,8.602150917053223,0.8550208806991577,1.0
3,8.617791175842285,0.8501236438751221,1.0
3,8.633431434631348,0.8455435037612915,1.0
3,8.64907169342041,0.8412807583808899,1.0
3,8.664711952209473,0.8373356461524963,1.0
3,8.680352210998535,0.8337081670761108,1.0
3,8.695992469787598,0.8303983211517334,1.0
3,8.71163272857666,0.8274060487747192,1.0
3,8.727272987365723,0.8247310519218445,1.0
3,8.742913246154785,0.82237309217453,1.0
3,8.758553504943848,0.8203316926956177,1.0
3,8.77419376373291,0.818606436252594,1.0
3,8.789834022521973,0.817196786403656,1.0
3,8.805474281311035,0.8161020278930664,1.0
3,8.821114540100098,0.8153215050697327,1.0
3,8.83675479888916,0.8148543834686279,1.0
3,8.852395057678223,0.8146998286247253,1.0
3,8.868035316467285,0.8148568868637085,1.0
3,8.883675575256348,0.815324604511261,1.0
3,8.89931583404541,0.8161018490791321,1.0
3,8.914956092834473,0.8171874284744263,1.0
3,8.930596351623535,0.818580150604248,1.0
3,8.946236610412598,0.8202787041664124,1.0
3,8.96187686920166,0.8222817182540894,1.0
3,8.977517127990723,0.8245877623558044,1.0
3,8.993157386779785,0.8271952867507935,1.0
3,9.008797645568848,0.8301026821136475,1.0
3,9.02443790435791,0.8333082795143127,1.0
3,9.040078163146973,0.836810290813446,1.0
3,9.055718421936035,0.8406068682670593,1.0
3,9.071358680725098,0.844696044921875,1.0
3,9.08699893951416,0.8490757346153259,1.0
3,9.102639198303223,0.853743851184845,1.0
3,9.118279457092285,0.8586981892585754,1.0
3,9.133919715881348,0.8639363646507263,1.0
3,9.14955997467041,0.869455873966217,1.0
3,9.165200233459473,0.875254213809967,1.0
3,9.180840492248535,0.8813287019729614,1.0
3,9.196480751037598,0.887676477432251,1.0
3,9.21212100982666,0.8942946195602417,1.0
3,9.227761268615723,0.9011800289154053,1.0
3,9.243401527404785,0.9083295464515686,1.0
3,9.259041786193848,0.9157397150993347,1.0
3,9.27468204498291,0.9234070777893066,1.0
3,9.290322303771973,0.9313279390335083,1.0
3,9.305962562561035,0.9394984841346741,1.0
3,9.321602821350098,0.9479146599769592,1.0
3,9.33724308013916,0.9565722346305847,1.0
3,9.352883338928223,0.9654668569564819,1.0
3,9.368523597717285,0.9745938777923584,1.0
3,9.384163856506348,0.9839485883712769,1.0
3,9.39980411529541,0.9935259222984314,1.0
3,9.415444374084473,1.0033206939697266,1.0
3,9.431084632873535,1.0133274793624878,1.0
3,9.446724891662598,1.0235406160354614,1.0
3,9.46236515045166,1.03395414352417,1.0
3,9.478005409240723,1.0445618629455566,1.0
3,9.493645668029785,1.0553574562072754,1.0
3,9.509286880493164,1.066334843635559,1.0
3,9.524927139282227,1.0774857997894287,1.0
3,9.540567398071289,1.088803768157959,1.0
3,9.556207656860352,1.1002813577651978,1.0
3,9.571847915649414,1.1119107007980347,1.0
3,9.587488174438477,1.1236836910247803,1.0
3,9.603128433227539,1.1355921030044556,1.0
3,9.618768692016602,1.1476271152496338,1.0
3,9.634408950805664,1.1597799062728882,1.0
3,9.650049209594727,1.1720411777496338,1.0
3,9.665689468383789,1.1844013929367065,1.0
3,9.681329727172852,1.1968507766723633,1.0
3,9.696969985961914,1.2093790769577026,1.0
3,9.712610244750977,1.2219758033752441,1.0
3,9.728250503540039,1.2346301078796387,1.0
3,9.743890762329102,1.2473310232162476,1.0
3,9.759531021118164,1.260067105293274,1.0
3,9.775171279907227,1.2728267908096313,1.0
3,9.790811538696289,1.2855980396270752,1.0
3,9.806451797485352,1.2983686923980713,1.0
3,9.822092056274414,1.3111262321472168,1.0
3,9.837732315063477,1.3238577842712402,1.0
3,9.853372573852539,1.3365504741668701,1.0
3,9.869012832641602,1.3491910696029663,1.0
3,9.884653091430664,1.3617660999298096,1.0
3,9.900293350219727,1.3742618560791016,1.0
3,9.915933609008789,1.3866645097732544,1.0
3,9.931573867797852,1.3989601135253906,1.0
3,9.947214126586914,1.4111346006393433,1.0
3,9.962854385375977,1.4231735467910767,1.0
3,9.978494644165039,1.4350627660751343,1.0
3,9.994134902954102,1.446787714958191,1.0
3,10.009775161743164,1.458333969116211,1.0
3,10.025415420532227,1.4696871042251587,1.0
3,10.041055679321289,1.4808326959609985,1.0
3,10.056695938110352,1.4917562007904053,1.0
3,10.072336196899414,1.5024434328079224,1.0
3,10.087976455688477,1.5128800868988037,1.0
3,10.103616714477539,1.5230522155761719,1.0
3,10.119256973266602,1.5329458713531494,1.0
3,10.134897232055664,1.5425474643707275,1.0
3,10.150537490844727,1.5518436431884766,1.0
3,10.166177749633789,1.560821294784546,1.0
3,10.181818008422852,1.5694677829742432,1.0
3,10.197458267211914,1.5777705907821655,1.0
3,10.213098526000977,1.585717797279358,1.0
3,10.228738784790039,1.5932979583740234,1.0
3,10.244379043579102,1.6004999876022339,1.0
3,10.260019302368164,1.6073133945465088,1.0
3,10.275659561157227,1.6137281656265259,1.0
3,10.291299819946289,1.6197348833084106,1.0
3,10.306940078735352,1.6253249645233154,1.0
3,10.322580337524414,1.6304901838302612,1.0
3,10.338220596313477,1.6352230310440063,1.0
3,10.353860855102539,1.639516830444336,1.0
3,10.369501113891602,1.6433656215667725,1.0
3,10.385141372680664,1.6467641592025757,1.0
3,10.400781631469727,1.6497077941894531,1.0
3,10.416421890258789,1.6521929502487183,1.0
3,10.432062149047852,1.6542166471481323,1.0
3,10.447702407836914,1.6557767391204834,1.0
3,10.463342666625977,1.656872034072876,1.0
3,10.478982925415039,1.6575019359588623,1.0
3,10.494623184204102,1.657666802406311,1.0
3,10.51026439666748,1.6573678255081177,1.0
3,10.525904655456543,1.656606912612915,1.0
3,10.541544914245605,1.6553869247436523,1.0
3,10.557185173034668,1.6537114381790161,1.0
3,10.57282543182373,1.6515848636627197,1.0
3,10.588465690612793,1.6490123271942139,1.0
3,10.604105949401855,1.6459996700286865,1.0
3,10.619746208190918,1.6425535678863525,1.0
3,10.63538646697998,1.6386812925338745,1.0
3,10.651026725769043,1.634390950202942,1.0
3,10.666666984558105,1.629691243171692,1.0
3,10.682307243347168,1.62459135055542,1.0
3,10.69794750213623,1.6191012859344482,1.0
3,10.713587760925293,1.6132314205169678,1.0
3,10.729228019714355,1.6069927215576172,1.0
3,10.744868278503418,1.600396752357483,1.0
3,10.76050853729248,1.59345543384552,1.0
3,10.776148796081543,1.5861810445785522,1.0
3,10.791789054870605,1.5785863399505615,1.0
3,10.807429313659668,1.5706844329833984,1.0
3,10.82306957244873,1.5624886751174927,1.0
3,10.838709831237793,1.5540127754211426,1.0
3,10.854350090026855,1.545270562171936,1.0
3,10.869990348815918,1.53627610206604,1.0
3,10.88563060760498,1.5270435810089111,1.0
3,10.901270866394043,1.517587423324585,1.0
3,10.916911125183105,1.5079220533370972,1.0
3,10.932551383972168,1.498062014579773,1.0
3,10.94819164276123,1.488021731376648,1.0
3,10.963831901550293,1.477815866470337,1.0
3,10.979472160339355,1.467458724975586,1.0
3,10.995112419128418,1.4569647312164307,1.0
3,11.01075267791748,1.4463483095169067,1.0
3,11.026392936706543,1.4356235265731812,1.0
3,11.042033195495605,1.424804449081421,1.0
3,11.057673454284668,1.4139049053192139,1.0
3,11.07331371307373,1.4029386043548584,1.0
3,11.088953971862793,1.3919190168380737,1.0
3,11.104594230651855,1.380859375,1.0
3,11.120234489440918,1.3697726726531982,1.0
3,11.13587474822998,1.3586716651916504,1.0
3,11.151515007019043,1.3475688695907593,1.0
3,11.167155265808105,1.336476445198059,1.0
3,11.182795524597168,1.3254061937332153,1.0
3,11.19843578338623,1.314369797706604,1.0
3,11.214076042175293,1.3033784627914429,1.0
3,11.229716300964355,1.2924432754516602,1.0
3,11.245356559753418,1.2815748453140259,1.0
3,11.26099681854248,1.2707834243774414,1.0
3,11.276637077331543,1.2600791454315186,1.0
3,11.292277336120605,1.2494715452194214,1.0
3,11.307917594909668,1.2389700412750244,1.0
3,11.32355785369873,1.2285836935043335,1.0
3,11.339198112487793,1.2183210849761963,1.0
3,11.354838371276855,1.208190679550171,1.0
3,11.370478630065918,1.1982004642486572,1.0
3,11.38611888885498,1.188358187675476,1.0
3,11.401759147644043,1.1786712408065796,1.0
3,11.417399406433105,1.1691466569900513,1.0
3,11.433039665222168,1.1597912311553955,1.0
3,11.44867992401123,1.1506115198135376,1.0
3,11.464320182800293,1.1416137218475342,1.0
3,11.479960441589355,1.1328036785125732,1.0
3,11.495600700378418,1.1241869926452637,1.0
3,11.511241912841797,1.1157684326171875,1.0
3,11.52688217163086,1.1075541973114014,1.0
3,11.542522430419922,1.0995484590530396,1.0
3,11.558162689208984,1.0917558670043945,1.0
3,11.573802947998047,1.0841805934906006,1.0
3,11.58944320678711,1.076826810836792,1.0
3,11.605083465576172,1.0696982145309448,1.0
3,11.620723724365234,1.0627983808517456,1.0
3,11.636363983154297,1.0561307668685913,1.0
3,11.65200424194336,1.0496983528137207,1.0
3,11.667644500732422,1.0435041189193726,1.0
3,11.683284759521484,1.0375508069992065,1.0
3,11.698925018310547,1.0318409204483032,1.0
3,11.71456527709961,1.0263768434524536,1.0
3,11.730205535888672,1.02116060256958,1.0
3,11.745845794677734,1.016194224357605,1.0
3,11.761486053466797,1.0114794969558716,1.0
3,11.77712631225586,1.007017970085144,1.0
3,11.792766571044922,1.0028111934661865,1.0
3,11.808406829833984,0.9988603591918945,1.0
3,11.824047088623047,0.9951666593551636,1.0
3,11.83968734741211,0.9917310476303101,1.0
3,11.855327606201172,0.9885544180870056,1.0
3,11.870967864990234,0.9856374263763428,1.0
3,11.886608123779297,0.9829806089401245,1.0
3,11.90224838256836,0.980584442615509,1.0
3,11.917888641357422,0.9784491658210754,1.0
3,11.933528900146484,0.9765749573707581,1.0
3,11.949169158935547,0.9749618768692017,1.0
3,11.96480941772461,0.9736098647117615,1.0
3,11.980449676513672,0.9725186824798584,1.0
3,11.996089935302734,0.9716879725456238,1.0
3,12.011730194091797,0.971117377281189,1.0
3,12.02737045288086,0.9708063006401062,1.0
3,12.043010711669922,0.9707540273666382,1.0
3,12.058650970458984,0.9709598422050476,1.0
3,12.074291229248047,0.9714227914810181,1.0
3,12.08993148803711,0.9721418619155884,1.0
3,12.105571746826172,0.9731159806251526,1.0
3,12.121212005615234,0.9743438959121704,1.0
3,12.136852264404297,0.975824236869812,1.0
3,12.15249252319336,0.9775555729866028,1.0
3,12.168132781982422,0.9795363545417786,1.0
3,12.183773040771484,0.9817648530006409,1.0
3,12.199413299560547,0.9842392802238464,1.0
3,12.21505355834961,0.9869577288627625,1.0
3,12.230693817138672,0.9899181127548218,1.0
3,12.246334075927734,0.9931183457374573,1.0
3,12.261974334716797,0.9965561628341675,1.0
3,12.27761459350586,1.0002291202545166,1.0
3,12.293254852294922,1.0041347742080688,1.0
3,12.308895111083984,1.0082703828811646,1.0
3,12.324535369873047,1.012633204460144,1.0
3,12.34017562866211,1.017220377922058,1.0
3,12.355815887451172,1.0220288038253784,1.0
3,12.371456146240234,1.027055263519287,1.0
3,12.387096405029297,1.0322965383529663,1.0
3,12.40273666381836,1.0377490520477295,1.0
3,12.418376922607422,1.0434093475341797,1.0
3,12.434017181396484,1.0492734909057617,1.0
3,12.449657440185547,1.05533766746521,1.0
3,12.46529769897461,1.0615978240966797,1.0
3,12.480937957763672,1.0680497884750366,1.0
3,12.496578216552734,1.0746890306472778,1.0
3,12.512219429016113,1.0815114974975586,1.0
3,12.527859687805176,1.0885117053985596,1.0
3,12.543499946594238,1.0956851243972778,1.0
3,12.5591402053833,1.1030266284942627,1.0
3,12.574780464172363,1.1105310916900635,1.0
3,12.590420722961426,1.1181930303573608,1.0
3,12.606060981750488,1.1260069608688354,1.0
3,12.62170124053955,1.1339670419692993,1.0
3,12.637341499328613,1.142067313194275,1.0
3,12.652981758117676,1.1503015756607056,1.0
3,12.668622016906738,1.1586635112762451,1.0
3,12.6842622756958,1.1671466827392578,1.0
3,12.699902534484863,1.1757442951202393,1.0
3,12.715542793273926,1.1844494342803955,1.0
3,12.731183052062988,1.193255066871643,1.0
3,12.74682331085205,1.2021539211273193,1.0
3,12.762463569641113,1.2111384868621826,1.0
3,12.778103828430176,1.220201015472412,1.0
3,12.793744087219238,1.229333758354187,1.0
3,12.8093843460083,1.2385287284851074,1.0
3,12.825024604797363,1.2477777004241943,1.0
3,12.840664863586426,1.2570723295211792,1.0
3,12.856305122375488,1.2664039134979248,1.0
3,12.87194538116455,1.2757638692855835,1.0
3,12.887585639953613,1.285143256187439,1.0
3,12.903225898742676,1.2945330142974854,1.0
3,12.918866157531738,1.3039239645004272,1.0
3,12.9345064163208,1.3133068084716797,1.0
3,12.950146675109863,1.3226721286773682,1.0
3,12.965786933898926,1.3320103883743286,1.0
3,12.981427192687988,1.3413118124008179,1.0
3,12.99706745147705,1.3505666255950928,1.0
3,13.012707710266113,1.3597649335861206,1.0
3,13.028347969055176,1.368896722793579,1.0
3,13.043988227844238,1.3779520988464355,1.0
3,13.0596284866333,1.3869209289550781,1.0
3,13.075268745422363,1.3957931995391846,1.0
3,13.090909004211426,1.4045586585998535,1.0
3,13.106549263000488,1.4132072925567627,1.0
3,13.12218952178955,1.4217289686203003,1.0
3,13.137829780578613,1.430113673210144,1.0
3,13.153470039367676,1.4383512735366821,1.0
3,13.169110298156738,1.4464318752288818,1.0
3,13.1847505569458,1.454345703125,1.0
3,13.200390815734863,1.4620829820632935,1.0
3,13.216031074523926,1.4696340560913086,1.0
3,13.231671333312988,1.476989507675171,1.0
3,13.24731159210205,1.4841400384902954,1.0
3,13.262951850891113,1.4910764694213867,1.0
3,13.278592109680176,1.4977900981903076,1.0
3,13.294232368469238,1.5042721033096313,1.0
3,13.3098726272583,1.5105141401290894,1.0
3,13.325512886047363,1.5165081024169922,1.0
3,13.341153144836426,1.522246241569519,1.0
3,13.356793403625488,1.5277209281921387,1.0
3,13.37243366241455,1.5329251289367676,1.0
3,13.388073921203613,1.5378519296646118,1.0
3,13.403714179992676,1.5424948930740356,1.0
3,13.419354438781738,1.5468480587005615,1.0
3,13.4349946975708,1.550905704498291,1.0
3,13.450634956359863,1.5546625852584839,1.0
3,13.466275215148926,1.5581140518188477,1.0
3,13.481915473937988,1.561255693435669,1.0
3,13.49755573272705,1.5640835762023926,1.0
3,13.51319694519043,1.5665946006774902,1.0
3,13.528837203979492,1.5687854290008545,1.0
3,13.544477462768555,1.5706539154052734,1.0
3,13.560117721557617,1.5721980333328247,1.0
3,13.57575798034668,1.5734164714813232,1.0
3,13.591398239135742,1.5743082761764526,1.0
3,13.607038497924805,1.5748732089996338,1.0
3,13.622678756713867,1.5751112699508667,1.0
3,13.63831901550293,1.5750231742858887,1.0
3,13.653959274291992,1.5746099948883057,1.0
3,13.669599533081055,1.5738734006881714,1.0
3,13.685239791870117,1.5728156566619873,1.0
3,13.70088005065918,1.5714393854141235,1.0
3,13.716520309448242,1.5697476863861084,1.0
3,13.732160568237305,1.567744255065918,1.0
3,13.747800827026367,1.565433144569397,1.0
3,13.76344108581543,1.5628188848495483,1.0
3,13.779081344604492,1.5599064826965332,1.0
3,13.794721603393555,1.556701421737671,1.0
3,13.810361862182617,1.5532095432281494,1.0
3,13.82600212097168,1.5494369268417358,1.0
3,13.841642379760742,1.5453903675079346,1.0
3,13.857282638549805,1.54107666015625,1.0
3,13.872922897338867,1.5365031957626343,1.0
3,13.88856315612793,1.5316776037216187,1.0
3,13.904203414916992,1.526607871055603,1.0
3,13.919843673706055,1.5213021039962769,1.0
3,13.935483932495117,1.5157687664031982,1.0
3,13.95112419128418,1.510016679763794,1.0
3,13.966764450073242,1.5040546655654907,1.0
3,13.982404708862305,1.497891902923584,1.0
3,13.998044967651367,1.4915376901626587,1.0
3,14.01368522644043,1.4850013256072998,1.0
3,14.029325485229492,1.4782925844192505,1.0
3,14.044965744018555,1.4714210033416748,1.0
3,14.060606002807617,1.4643964767456055,1.0
3,14.07624626159668,1.4572287797927856,1.0
3,14.091886520385742,1.4499279260635376,1.0
3,14.107526779174805,1.4425036907196045,1.0
3,14.123167037963867,1.4349660873413086,1.0
3,14.13880729675293,1.4273251295089722,1.0
3,14.154447555541992,1.419590711593628,1.0
3,14.170087814331055,1.411772608757019,1.0
3,14.185728073120117,1.4038807153701782,1.0
3,14.20136833190918,1.3959248065948486,1.0
3,14.217008590698242,1.3879146575927734,1.0
3,14.232648849487305,1.3798596858978271,1.0
3,14.248289108276367,1.3717694282531738,1.0
3,14.26392936706543,1.363653302192688,1.0
3,14.279569625854492,1.355520486831665,1.0
3,14.295209884643555,1.3473800420761108,1.0
3,14.310850143432617,1.3392409086227417,1.0
3,14.32649040222168,1.3311117887496948,1.0
3,14.342130661010742,1.3230013847351074,1.0
3,14.357770919799805,1.314918041229248,1.0
3,14.373411178588867,1.3068701028823853,1.0
3,14.38905143737793,1.298865556716919,1.0
3,14.404691696166992,1.2909122705459595,1.0
3,14.420331954956055,1.2830179929733276,1.0
3,14.435972213745117,1.2751901149749756,1.0
3,14.45161247253418,1.267435908317566,1.0
3,14.467252731323242,1.2597624063491821,1.0
3,14.482892990112305,1.2521764039993286,1.0
3,14.498533248901367,1.2446846961975098,1.0
3,14.514174461364746,1.2372931241989136,1.0
3,14.529814720153809,1.2300089597702026,1.0
3,14.545454978942871,1.2228376865386963,1.0
3,14.561095237731934,1.215785026550293,1.0
3,14.576735496520996,1.2088567018508911,1.0
3,14.592375755310059,1.202057957649231,1.0
3,14.608016014099121,1.1953940391540527,1.0
3,14.623656272888184,1.1888699531555176,1.0
3,14.639296531677246,1.1824904680252075,1.0
3,14.654936790466309,1.1762601137161255,1.0
3,14.670577049255371,1.1701831817626953,1.0
3,14.686217308044434,1.1642638444900513,1.0
3,14.701857566833496,1.158506155014038,1.0
3,14.717497825622559,1.1529139280319214,1.0
3,14.733138084411621,1.1474906206130981,1.0
3,14.748778343200684,1.1422396898269653,1.0
3,14.764418601989746,1.1371644735336304,1.0
3,14.780058860778809,1.1322678327560425,1.0
3,14.795699119567871,1.1275527477264404,1.0
3,14.811339378356934,1.1230218410491943,1.0
3,14.826979637145996,1.1186777353286743,1.0
3,14.842619895935059,1.1145226955413818,1.0
3,14.858260154724121,1.1105589866638184,1.0
3,14.873900413513184,1.1067885160446167,1.0
3,14.889540672302246,1.1032131910324097,1.0
3,14.905180931091309,1.0998347997665405,1.0
3,14.920821189880371,1.0966548919677734,1.0
3,14.936461448669434,1.093674898147583,1.0
3,14.952101707458496,1.0908960103988647,1.0
3,14.967741966247559,1.0883194208145142,1.0
3,14.983382225036621,1.0859460830688477,1.0
3,14.999022483825684,1.083776831626892,1.0
3,15.014662742614746,1.0818123817443848,1.0
3,15.030303001403809,1.0800532102584839,1.0
3,15.045943260192871,1.0784999132156372,1.0
3,15.061583518981934,1.0771527290344238,1.0
3,15.077223777770996,1.0760117769241333,1.0
3,15.092864036560059,1.0750771760940552,1.0
3,15.108504295349121,1.0743488073349,1.0
3,15.124144554138184,1.0738264322280884,1.0
3,15.139784812927246,1.0735098123550415,1.0
3,15.155425071716309,1.0733983516693115,1.0
3,15.171065330505371,1.0734915733337402,1.0
3,15.186705589294434,1.0737887620925903,1.0
3,15.202345848083496,1.0742892026901245,1.0
3,15.217986106872559,1.0749918222427368,1.0
3,15.233626365661621,1.0758956670761108,1.0
3,15.249266624450684,1.0769994258880615,1.0
3,15.264906883239746,1.0783019065856934,1.0
3,15.280547142028809,1.0798016786575317,1.0
3,15.296187400817871,1.081497311592102,1.0
3,15.311827659606934,1.083387017250061,1.0
3,15.327467918395996,1.085469126701355,1.0
3,15.343108177185059,1.0877416133880615,1.0
3,15.358748435974121,1.0902025699615479,1.0
3,15.374388694763184,1.092849850654602,1.0
3,15.390028953552246,1.0956813097000122,1.0
3,15.405669212341309,1.0986944437026978,1.0
3,15.421309471130371,1.1018868684768677,1.0
3,15.436949729919434,1.1052558422088623,1.0
3,15.452589988708496,1.1087987422943115,1.0
3,15.468230247497559,1.1125125885009766,1.0
3,15.483870506286621,1.1163945198059082,1.0
3,15.499510765075684,1.1204414367675781,1.0
3,15.515151977539062,1.124650239944458,1.0
3,15.530792236328125,1.1290171146392822,1.0
3,15.546432495117188,1.133538842201233,1.0
3,15.56207275390625,1.1382118463516235,1.0
3,15.577713012695312,1.1430323123931885,1.0
3,15.593353271484375,1.1479963064193726,1.0
3,15.608993530273438,1.1530998945236206,1.0
3,15.6246337890625,1.158339023590088,1.0
3,15.640274047851562,1.163709282875061,1.0
3,15.655914306640625,1.1692062616348267,1.0
3,15.671554565429688,1.1748255491256714,1.0
3,15.68719482421875,1.1805623769760132,1.0
3,15.702835083007812,1.18641197681427,1.0
3,15.718475341796875,1.1923694610595703,1.0
3,15.734115600585938,1.1984297037124634,1.0
3,15.749755859375,1.2045875787734985,1.0
3,15.765396118164062,1.210837721824646,1.0
3,15.781036376953125,1.217174768447876,1.0
3,15.796676635742188,1.2235931158065796,1.0
3,15.81231689453125,1.2300870418548584,1.0
3,15.827957153320312,1.2366507053375244,1.0
3,15.843597412109375,1.2432782649993896,1.0
3,15.859237670898438,1.249963641166687,1.0
3,15.8748779296875,1.2567006349563599,1.0
3,15.890518188476562,1.2634830474853516,1.0
3,15.906158447265625,1.2703044414520264,1.0
3,15.921798706054688,1.2771583795547485,1.0
3,15.93743896484375,1.2840383052825928,1.0
3,15.953079223632812,1.2909374237060547,1.0
3,15.968719482421875,1.2978490591049194,1.0
3,15.984359741210938,1.3047664165496826,1.0
3,16.0,1.3116825819015503,1.0
4,0.0,2.003089189529419,1.0
4,0.015640273690223694,2.0141568183898926,1.0
4,0.03128054738044739,2.023930549621582,1.0
4,0.04692082107067108,2.0323877334594727,1.0
4,0.06256109476089478,2.0395090579986572,1.0
4,0.07820136845111847,2.045278787612915,1.0
4,0.09384164214134216,2.049685001373291,1.0
4,0.10948191583156586,2.0527195930480957,1.0
4,0.12512218952178955,2.054378032684326,1.0
4,0.14076246321201324,2.0546600818634033,1.0
4,0.15640273690223694,2.0535690784454346,1.0
4,0.17204301059246063,2.051112413406372,1.0
4,0.18768328428268433,2.0473012924194336,1.0
4,0.20332355797290802,2.0421509742736816,1.0
4,0.2189638316631317,2.035680055618286,1.0
4,0.2346041053533554,2.0279107093811035,1.0
4,0.2502443790435791,2.0188684463500977,1.0
4,0.265884667634964,2.008582353591919,1.0
4,0.2815249264240265,1.9970842599868774,1.0
4,0.2971652150154114,1.984408974647522,1.0
4,0.3128054738044739,1.9705939292907715,1.0
4,0.32844576239585876,1.9556787014007568,1.0
4,0.34408602118492126,1.9397052526474,1.0
4,0.35972630977630615,1.9227174520492554,1.0
4,0.37536656856536865,1.9047605991363525,1.0
4,0.39100685715675354,1.8858815431594849,1.0
4,0.40664711594581604,1.8661283254623413,1.0
4,0.4222874045372009,1.8455495834350586,1.0
4,0.4379276633262634,1.8241949081420898,1.0
4,0.4535679519176483,1.8021141290664673,1.0
4,0.4692082107067108,1.7793573141098022,1.0
4,0.4848484992980957,1.7559744119644165,1.0
4,0.5004887580871582,1.7320153713226318,1.0
4,0.5161290168762207,1.7075293064117432,1.0
4,0.531769335269928,1.6825649738311768,1.0
4,0.5474095940589905,1.6571704149246216,1.0
4,0.563049852848053,1.6313925981521606,1.0
4,0.5786901116371155,1.605277419090271,1.0
4,0.5943304300308228,1.5788695812225342,1.0
4,0.6099706888198853,1.5522128343582153,1.0
4,0.6256109476089478,1.5253491401672363,1.0
4,0.6412512063980103,1.4983192682266235,1.0
4,0.6568915247917175,1.47116219997406,1.0
4,0.67253178358078,1.443915843963623,1.0
4,0.6881720423698425,1.4166160821914673,1.0
4,0.703812301158905,1.389297366142273,1.0
4,0.7194526195526123,1.361992359161377,1.0
4,0.7350928783416748,1.3347324132919312,1.0
4,0.7507331371307373,1.3075469732284546,1.0
4,0.7663733959197998,1.2804639339447021,1.0
4,0.7820137143135071,1.253509521484375,1.0
4,0.7976539731025696,1.2267086505889893,1.0
4,0.8132942318916321,1.2000843286514282,1.0
4,0.8289344906806946,1.1736582517623901,1.0
4,0.8445748090744019,1.147450566291809,1.0
4,0.8602150678634644,1.1214802265167236,1.0
4,0.8758553266525269,1.0957645177841187,1.0
4,0.8914955854415894,1.0703195333480835,1.0
4,0.9071359038352966,1.045159935951233,1.0
4,0.9227761626243591,1.0202996730804443,1.0
4,0.9384164214134216,0.9957509636878967,1.0
4,0.9540566802024841,0.9715251326560974,1.0
4,0.9696969985961914,0.9476323127746582,1.0
4,0.9853372573852539,0.9240819811820984,1.0
4,1.0009775161743164,0.900882363319397,1.0
4,1.016617774963379,0.8780407905578613,1.0
4,1.0322580337524414,0.8555638790130615,1.0
4,1.047898292541504,0.833457350730896,1.0
4,1.063538670539856,0.8117260336875916,1.0
4,1.0791789293289185,0.7903745770454407,1.0
4,1.094819188117981,0.7694064378738403,1.0
4,1.1104594469070435,0.7488245964050293,1.0
4,1.126099705696106,0.7286316156387329,1.0
4,1.1417399644851685,0.7088293433189392,1.0
4,1.157380223274231,0.6894192695617676,1.0
4,1.1730204820632935,0.6704023480415344,1.0
4,1.1886608600616455,0.651779055595398,1.0
4,1.204301118850708,0.6335498094558716,1.0
4,1.2199413776397705,0.6157143712043762,1.0
4,1.235581636428833,0.5982722043991089,1.0
4,1.2512218952178955,0.5812225341796875,1.0
4,1.266862154006958,0.5645643472671509,1.0
4,1.2825024127960205,0.548296332359314,1.0
4,1.298142671585083,0.5324169993400574,1.0
4,1.313783049583435,0.5169245004653931,1.0
4,1.3294233083724976,0.5018172860145569,1.0
4,1.34506356716156,0.48709315061569214,1.0
4,1.3607038259506226,0.4727499783039093,1.0
4,1.376344084739685,0.4587854743003845,1.0
4,1.3919843435287476,0.44519728422164917,1.0
4,1.40762460231781,0.43198293447494507,1.0
4,1.4232648611068726,0.41913992166519165,1.0
4,1.4389052391052246,0.40666553378105164,1.0
4,1.454545497894287,0.39455732703208923,1.0
4,1.4701857566833496,0.3828125298023224,1.0
4,1.485826015472412,0.3714284598827362,1.0
4,1.5014662742614746,0.360402375459671,1.0
4,1.517106533050537,0.34973153471946716,1.0
4,1.5327467918395996,0.33941322565078735,1.0
4,1.548387050628662,0.3294447362422943,1.0
4,1.5640274286270142,0.3198232650756836,1.0
4,1.5796676874160767,0.31054627895355225,1.0
4,1.5953079462051392,0.3016110360622406,1.0
4,1.6109482049942017,0.29301491379737854,1.0
4,1.6265884637832642,0.28475528955459595,1.0
4,1.6422287225723267,0.2768296003341675,1.0
4,1.6578689813613892,0.2692353427410126,1.0
4,1.6735092401504517,0.26197001338005066,1.0
4,1.6891496181488037,0.25503116846084595,1.0
4,1.7047898769378662,0.24841651320457458,1.0
4,1.7204301357269287,0.24212369322776794,1.0
4,1.7360703945159912,0.23615042865276337,1.0
4,1.7517106533050537,0.23049451410770416,1.0
4,1.7673509120941162,0.2251538187265396,1.0
4,1.7829911708831787,0.22012624144554138,1.0
4,1.7986314296722412,0.2154097706079483,1.0
4,1.8142718076705933,0.2110023945569992,1.0
4,1.8299120664596558,0.20690231025218964,1.0
4,1.8455523252487183,0.20310764014720917,1.0
4,1.8611925840377808,0.19961661100387573,1.0
4,1.8768328428268433,0.19642753899097443,1.0
4,1.8924731016159058,0.19353879988193512,1.0
4,1.9081133604049683,0.19094881415367126,1.0
4,1.9237536191940308,0.18865609169006348,1.0
4,1.9393939971923828,0.18665920197963715,1.0
4,1.9550342559814453,0.18495680391788483,1.0
4,1.9706745147705078,0.18354758620262146,1.0
4,1.9863147735595703,0.18243032693862915,1.0
4,2.001955032348633,0.18160387873649597,1.0
4,2.0175952911376953,0.18106713891029358,1.0
4,2.033235549926758,0.1808190941810608,1.0
4,2.0488758087158203,0.18085877597332,1.0
4,2.064516067504883,0.1811853051185608,1.0
4,2.0801563262939453,0.1817978471517563,1.0
4,2.095796585083008,0.1826956570148468,1.0
4,2.1114368438720703,0.18387803435325623,1.0
4,2.127077341079712,0.1853443831205368,1.0
4,2.1427175998687744,0.1870940774679184,1.0
4,2.158357858657837,0.1891266405582428,1.0
4,2.1739981174468994,0.1914416402578354,1.0
4,2.189638376235962,0.19403868913650513,1.0
4,2.2052786350250244,0.19691747426986694,1.0
4,2.220918893814087,0.20007774233818054,1.0
4,2.2365591526031494,0.2035192847251892,1.0
4,2.252199411392212,0.2072419673204422,1.0
4,2.2678396701812744,0.21124571561813354,1.0
4,2.283479928970337,0.21553048491477966,1.0
4,2.2991201877593994,0.22009630501270294,1.0
4,2.314760446548462,0.22494326531887054,1.0
4,2.3304007053375244,0.23007148504257202,1.0
4,2.346040964126587,0.2354811429977417,1.0
4,2.3616812229156494,0.24117246270179749,1.0
4,2.377321720123291,0.24714581668376923,1.0
4,2.3929619789123535,0.25340133905410767,1.0
4,2.408602237701416,0.2599394917488098,1.0
4,2.4242424964904785,0.2667606472969055,1.0
4,2.439882755279541,0.2738652527332306,1.0
4,2.4555230140686035,0.28125378489494324,1.0
4,2.471163272857666,0.28892675042152405,1.0
4,2.4868035316467285,0.2968846559524536,1.0
4,2.502443790435791,0.3051280677318573,1.0
4,2.5180840492248535,0.3136575520038605,1.0
4,2.533724308013916,0.3224737048149109,1.0
4,2.5493645668029785,0.3315771222114563,1.0
4,2.565004825592041,0.34096843004226685,1.0
4,2.5806450843811035,0.3506482243537903,1.0
4,2.596285343170166,0.36061716079711914,1.0
4,2.6119256019592285,0.3708758056163788,1.0
4,2.62756609916687,0.3814249336719513,1.0
4,2.6432063579559326,0.39226478338241577,1.0
4,2.658846616744995,0.4033960700035095,1.0
4,2.6744868755340576,0.4148193299770355,1.0
4,2.69012713432312,0.4265350103378296,1.0
4,2.7057673931121826,0.43854355812072754,1.0
4,2.721407651901245,0.4508453607559204,1.0
4,2.7370479106903076,0.4634406864643097,1.0
4,2.75268816947937,0.4763298034667969,1.0
4,2.7683284282684326,0.4895128309726715,1.0
4,2.783968687057495,0.5029898285865784,1.0
4,2.7996089458465576,0.5167607069015503,1.0
4,2.81524920463562,0.5308253169059753,1.0
4,2.8308894634246826,0.5451833605766296,1.0
4,2.846529722213745,0.559834361076355,1.0
4,2.8621699810028076,0.5747776627540588,1.0
4,2.877810478210449,0.590012788772583,1.0
4,2.8934507369995117,0.6055382490158081,1.0
4,2.909090995788574,0.6213530898094177,1.0
4,2.9247312545776367,0.637455940246582,1.0
4,2.940371513366699,0.6538451313972473,1.0
4,2.9560117721557617,0.6705187559127808,1.0
4,2.971652030944824,0.6874746680259705,1.0
4,2.9872922897338867,0.7047103643417358,1.0
4,3.002932548522949,0.7222231030464172,1.0
4,3.0185728073120117,0.7400097250938416,1.0
4,3.034213066101074,0.7580667734146118,1.0
4,3.0498533248901367,0.7763903737068176,1.0
4,3.065493583679199,0.7949762344360352,1.0
4,3.0811338424682617,0.8138197064399719,1.0
4,3.096774101257324,0.8329156637191772,1.0
4,3.1124143600463867,0.8522584438323975,1.0
4,3.1280548572540283,0.8718422651290894,1.0
4,3.143695116043091,0.8916599154472351,1.0
4,3.1593353748321533,0.9117044806480408,1.0
4,3.174975633621216,0.9319682121276855,1.0
4,3.1906158924102783,0.9524427652359009,1.0
4,3.206256151199341,0.9731191396713257,1.0
4,3.2218964099884033,0.9939877390861511,1.0
4,3.237536668777466,1.015038251876831,1.0
4,3.2531769275665283,1.036259651184082,1.0
4,3.268817186355591,1.0576401948928833,1.0
4,3.2844574451446533,1.0791676044464111,1.0
4,3.300097703933716,1.1008285284042358,1.0
4,3.3157379627227783,1.12260901927948,1.0
4,3.331378221511841,1.1444942951202393,1.0
4,3.3470184803009033,1.1664687395095825,1.0
4,3.362658739089966,1.1885159015655518,1.0
4,3.3782992362976074,1.2106189727783203,1.0
4,3.39393949508667,1.2327592372894287,1.0
4,3.4095797538757324,1.2549179792404175,1.0
4,3.425220012664795,1.2770755290985107,1.0
4,3.4408602714538574,1.2992112636566162,1.0
4,3.45650053024292,1.3213037252426147,1.0
4,3.4721407890319824,1.3433306217193604,1.0
4,3.487781047821045,1.3652689456939697,1.0
4,3.5034213066101074,1.3870947360992432,1.0
4,3.51906156539917,1.4087835550308228,1.0
4,3.5347018241882324,1.4303100109100342,1.0
4,3.550342082977295,1.4516479969024658,1.0
4,3.5659823417663574,1.4727709293365479,1.0
4,3.58162260055542,1.4936516284942627,1.0
4,3.5972628593444824,1.5142621994018555,1.0
4,3.612903118133545,1.5345743894577026,1.0
4,3.6285436153411865,1.5545598268508911,1.0
4,3.644183874130249,1.5741888284683228,1.0
4,3.6598241329193115,1.5934324264526367,1.0
4,3.675464391708374,1.6122612953186035,1.0
4,3.6911046504974365,1.630645751953125,1.0
4,3.706744909286499,1.6485562324523926,1.0
4,3.7223851680755615,1.6659634113311768,1.0
4,3.738025426864624,1.6828380823135376,1.0
4,3.7536656856536865,1.6991513967514038,1.0
4,3.769305944442749,1.7148748636245728,1.0
4,3.7849462032318115,1.7299805879592896,1.0
4,3.800586462020874,1.7444415092468262,1.0
4,3.8162267208099365,1.7582310438156128,1.0
4,3.831866979598999,1.7713236808776855,1.0
4,3.8475072383880615,1.7836949825286865,1.0
4,3.863147497177124,1.7953217029571533,1.0
4,3.8787879943847656,1.806181788444519,1.0
4,3.894428253173828,1.8162541389465332,1.0
4,3.9100685119628906,1.8255196809768677,1.0
4,3.925708770751953,1.8339606523513794,1.0
4,3.9413490295410156,1.841560959815979,1.0
4,3.956989288330078,1.84830641746521,1.0
4,3.9726295471191406,1.8541843891143799,1.0
4,3.988269805908203,1.8591843843460083,1.0
4,4.003910064697266,1.863297700881958,1.0
4,4.019550323486328,1.8665176630020142,1.0
4,4.035190582275391,1.8688396215438843,1.0
4,4.050830841064453,1.8702609539031982,1.0
4,4.066471099853516,1.8707813024520874,1.0
4,4.082111358642578,1.870402216911316,1.0
4,4.097751617431641,1.8691273927688599,1.0
4,4.113391876220703,1.8669626712799072,1.0
4,4.129032135009766,1.8639156818389893,1.0
4,4.144672393798828,1.8599963188171387,1.0
4,4.160312652587891,1.8552162647247314,1.0
4,4.175952911376953,1.8495891094207764,1.0
4,4.191593170166016,1.8431302309036255,1.0
4,4.207233428955078,1.8358569145202637,1.0
4,4.222873687744141,1.8277878761291504,1.0
4,4.238513946533203,1.8189433813095093,1.0
4,4.254154682159424,1.809345006942749,1.0
4,4.269794940948486,1.7990164756774902,1.0
4,4.285435199737549,1.7879818677902222,1.0
4,4.301075458526611,1.7762666940689087,1.0
4,4.316715717315674,1.76389741897583,1.0
4,4.332355976104736,1.7509015798568726,1.0
4,4.347996234893799,1.7373073101043701,1.0
4,4.363636493682861,1.723143458366394,1.0
4,4.379276752471924,1.7084393501281738,1.0
4,4.394917011260986,1.6932247877120972,1.0
4,4.410557270050049,1.6775299310684204,1.0
4,4.426197528839111,1.6613850593566895,1.0
4,4.441837787628174,1.6448206901550293,1.0
4,4.457478046417236,1.6278671026229858,1.0
4,4.473118305206299,1.6105546951293945,1.0
4,4.488758563995361,1.5929136276245117,1.0
4,4.504398822784424,1.5749738216400146,1.0
4,4.520039081573486,1.5567647218704224,1.0
4,4.535679340362549,1.5383154153823853,1.0
4,4.551319599151611,1.519654631614685,1.0
4,4.566959857940674,1.5008103847503662,1.0
4,4.582600116729736,1.4818100929260254,1.0
4,4.598240375518799,1.4626805782318115,1.0
4,4.613880634307861,1.4434479475021362,1.0
4,4.629520893096924,1.4241374731063843,1.0
4,4.645161151885986,1.4047739505767822,1.0
4,4.660801410675049,1.3853811025619507,1.0
4,4.676441669464111,1.365981936454773,1.0
4,4.692081928253174,1.3465986251831055,1.0
4,4.707722187042236,1.3272525072097778,1.0
4,4.723362445831299,1.3079642057418823,1.0
4,4.739002704620361,1.2887532711029053,1.0
4,4.754643440246582,1.2696378231048584,1.0
4,4.7702836990356445,1.2506370544433594,1.0
4,4.785923957824707,1.2317675352096558,1.0
4,4.8015642166137695,1.2130454778671265,1.0
4,4.817204475402832,1.194486379623413,1.0
4,4.8328447341918945,1.1761049032211304,1.0
4,4.848484992980957,1.1579149961471558,1.0
4,4.8641252517700195,1.1399296522140503,1.0
4,4.879765510559082,1.1221613883972168,1.0
4,4.8954057693481445,1.1046216487884521,1.0
4,4.911046028137207,1.0873215198516846,1.0
4,4.9266862869262695,1.0702712535858154,1.0
4,4.942326545715332,1.0534803867340088,1.0
4,4.9579668045043945,1.036957859992981,1.0
4,4.973607063293457,1.0207120180130005,1.0
4,4.9892473220825195,1.0047507286071777,1.0
4,5.004887580871582,0.9890811443328857,1.0
4,5.0205278396606445,0.9737099409103394,1.0
4,5.036168098449707,0.9586432576179504,1.0
4,5.0518083572387695,0.9438868165016174,1.0
4,5.067448616027832,0.9294458031654358,1.0
4,5.0830888748168945,0.9153249859809875,1.0
4,5.098729133605957,0.9015287160873413,1.0
4,5.1143693923950195,0.888060986995697,1.0
4,5.130009651184082,0.8749253749847412,1.0
4,5.1456499099731445,0.8621250987052917,1.0
4,5.161290168762207,0.8496630787849426,1.0
4,5.1769304275512695,0.8375418782234192,1.0
4,5.192570686340332,0.8257638216018677,1.0
4,5.2082109451293945,0.8143309354782104,1.0
4,5.223851203918457,0.803244948387146,1.0
4,5.2394914627075195,0.7925074100494385,1.0
4,5.25513219833374,0.7821193337440491,1.0
4,5.270772457122803,0.7720823884010315,1.0
4,5.286412715911865,0.7623971700668335,1.0
4,5.302052974700928,0.7530643939971924,1.0
4,5.31769323348999,0.7440846562385559,1.0
4,5.333333492279053,0.735458254814148,1.0
4,5.348973751068115,0.7271854877471924,1.0
4,5.364614009857178,0.7192664742469788,1.0
4,5.38025426864624,0.7117012143135071,1.0
4,5.395894527435303,0.7044895887374878,1.0
4,5.411534786224365,0.6976313591003418,1.0
4,5.427175045013428,0.69112628698349,1.0
4,5.44281530380249,0.6849738955497742,1.0
4,5.458455562591553,0.6791737675666809,1.0
4,5.474095821380615,0.6737253665924072,1.0
4,5.489736080169678,0.6686280369758606,1.0
4,5.50537633895874,0.6638811826705933,1.0
4,5.521016597747803,0.6594840288162231,1.0
4,5.536656856536865,0.6554358601570129,1.0
4,5.552297115325928,0.6517359018325806,1.0
4,5.56793737411499,0.6483833193778992,1.0
4,5.583577632904053,0.6453772187232971,1.0
4,5.599217891693115,0.6427167057991028,1.0
4,5.614858150482178,0.6404008269309998,1.0
4,5.63049840927124,0.6384286880493164,1.0
4,5.646138668060303,0.6367993354797363,1.0
4,5.661778926849365,0.6355117559432983,1.0
4,5.677419185638428,0.6345649361610413,1.0
4,5.69305944442749,0.6339579224586487,1.0
4,5.708699703216553,0.6336896419525146,1.0
4,5.724339962005615,0.6337590217590332,1.0
4,5.739980220794678,0.6341650485992432,1.0
4,5.755620956420898,0.6349066495895386,1.0
4,5.771261215209961,0.6359827518463135,1.0
4,5.786901473999023,0.6373922228813171,1.0
4,5.802541732788086,0.6391339302062988,1.0
4,5.818181991577148,0.6412068009376526,1.0
4,5.833822250366211,0.6436096429824829,1.0
4,5.849462509155273,0.6463412642478943,1.0
4,5.865102767944336,0.649400532245636,1.0
4,5.880743026733398,0.6527861952781677,1.0
4,5.896383285522461,0.6564970016479492,1.0
4,5.912023544311523,0.6605316996574402,1.0
4,5.927663803100586,0.6648889183998108,1.0
4,5.943304061889648,0.6695674061775208,1.0
4,5.958944320678711,0.6745657324790955,1.0
4,5.974584579467773,0.6798824667930603,1.0
4,5.990224838256836,0.6855161190032959,1.0
4,6.005865097045898,0.6914651393890381,1.0
4,6.021505355834961,0.6977279186248779,1.0
4,6.037145614624023,0.7043028473854065,1.0
4,6.052785873413086,0.7111881375312805,1.0
4,6.068426132202148,0.7183820009231567,1.0
4,6.084066390991211,0.7258825302124023,1.0
4,6.099706649780273,0.7336877584457397,1.0
4,6.115346908569336,0.741795539855957,1.0
4,6.130987167358398,0.7502037286758423,1.0
4,6.146627426147461,0.7589099407196045,1.0
4,6.162267684936523,0.7679117918014526,1.0
4,6.177907943725586,0.7772067189216614,1.0
4,6.193548202514648,0.786791980266571,1.0
4,6.209188461303711,0.7966647744178772,1.0
4,6.224828720092773,0.8068220019340515,1.0
4,6.240468978881836,0.8172605037689209,1.0
4,6.256109714508057,0.8279772400856018,1.0
4,6.271749973297119,0.83896803855896,1.0
4,6.287390232086182,0.8502293825149536,1.0
4,6.303030490875244,0.8617573380470276,1.0
4,6.318670749664307,0.8735476732254028,1.0
4,6.334311008453369,0.8855959177017212,1.0
4,6.349951267242432,0.8978974223136902,1.0
4,6.365591526031494,0.9104471802711487,1.0
4,6.381231784820557,0.9232400059700012,1.0
4,6.396872043609619,0.9362703561782837,1.0
4,6.412512302398682,0.9495324492454529,1.0
4,6.428152561187744,0.9630201458930969,1.0
4,6.443792819976807,0.9767270088195801,1.0
4,6.459433078765869,0.990646243095398,1.0
4,6.475073337554932,1.0047707557678223,1.0
4,6.490713596343994,1.0190929174423218,1.0
4,6.506353855133057,1.0336049795150757,1.0
4,6.521994113922119,1.048298716545105,1.0
4,6.537634372711182,1.0631654262542725,1.0
4,6.553274631500244,1.0781960487365723,1.0
4,6.568914890289307,1.0933810472488403,1.0
4,6.584555149078369,1.1087106466293335,1.0
4,6.600195407867432,1.1241744756698608,1.0
4,6.615835666656494,1.1397618055343628,1.0
4,6.631475925445557,1.1554614305496216,1.0
4,6.647116184234619,1.1712616682052612,1.0
4,6.662756443023682,1.1871503591537476,1.0
4,6.678396701812744,1.2031148672103882,1.0
4,6.694036960601807,1.2191423177719116,1.0
4,6.709677219390869,1.2352190017700195,1.0
4,6.725317478179932,1.251331090927124,1.0
4,6.740957736968994,1.2674641609191895,1.0
4,6.756598472595215,1.2836037874221802,1.0
4,6.772238731384277,1.2997336387634277,1.0
4,6.78787899017334,1.3158384561538696,1.0
4,6.803519248962402,1.3319021463394165,1.0
4,6.819159507751465,1.3479081392288208,1.0
4,6.834799766540527,1.3638393878936768,1.0
4,6.85044002532959,1.3796786069869995,1.0
4,6.866080284118652,1.395408034324646,1.0
4,6.881720542907715,1.4110097885131836,1.0
4,6.897360801696777,1.4264655113220215,1.0
4,6.91300106048584,1.4417566061019897,1.0
4,6.928641319274902,1.456864356994629,1.0
4,6.944281578063965,1.4717698097229004,1.0
4,6.959921836853027,1.486453652381897,1.0
4,6.97556209564209,1.5008968114852905,1.0
4,6.991202354431152,1.5150798559188843,1.0
4,7.006842613220215,1.528983473777771,1.0
4,7.022482872009277,1.5425883531570435,1.0
4,7.03812313079834,1.5558751821517944,1.0
4,7.053763389587402,1.5688248872756958,1.0
4,7.069403648376465,1.581418514251709,1.0
4,7.085043907165527,1.5936373472213745,1.0
4,7.10068416595459,1.6054630279541016,1.0
4,7.116324424743652,1.6168774366378784,1.0
4,7.131964683532715,1.6278629302978516,1.0
4,7.147604942321777,1.6384024620056152,1.0
4,7.16324520111084,1.6484793424606323,1.0
4,7.178885459899902,1.6580774784088135,1.0
4,7.194525718688965,1.6671816110610962,1.0
4,7.210165977478027,1.6757769584655762,1.0
4,7.22580623626709,1.6838496923446655,1.0
4,7.241446495056152,1.6913868188858032,1.0
4,7.257087230682373,1.698376178741455,1.0
4,7.2727274894714355,1.7048060894012451,1.0
4,7.288367748260498,1.710666537284851,1.0
4,7.3040080070495605,1.7159481048583984,1.0
4,7.319648265838623,1.7206425666809082,1.0
4,7.3352885246276855,1.7247427701950073,1.0
4,7.350928783416748,1.7282426357269287,1.0
4,7.3665690422058105,1.7311372756958008,1.0
4,7.382209300994873,1.733422875404358,1.0
4,7.3978495597839355,1.7350969314575195,1.0
4,7.413489818572998,1.7361581325531006,1.0
4,7.4291300773620605,1.736606240272522,1.0
4,7.444770336151123,1.7364423274993896,1.0
4,7.4604105949401855,1.7356685400009155,1.0
4,7.476050853729248,1.7342884540557861,1.0
4,7.4916911125183105,1.7323064804077148,1.0
4,7.507331371307373,1.7297284603118896,1.0
4,7.5229716300964355,1.7265613079071045,1.0
4,7.538611888885498,1.7228130102157593,1.0
4,7.5542521476745605,1.7184926271438599,1.0
4,7.569892406463623,1.713610291481018,1.0
4,7.5855326652526855,1.708177089691162,1.0
4,7.601172924041748,1.7022050619125366,1.0
4,7.6168131828308105,1.695707082748413,1.0
4,7.632453441619873,1.6886969804763794,1.0
4,7.6480937004089355,1.6811894178390503,1.0
4,7.663733959197998,1.6731996536254883,1.0
4,7.6793742179870605,1.6647437810897827,1.0
4,7.695014476776123,1.6558383703231812,1.0
4,7.7106547355651855,1.646500587463379,1.0
4,7.726294994354248,1.636748194694519,1.0
4,7.7419352531433105,1.6265994310379028,1.0
4,7.757575988769531,1.616072416305542,1.0
4,7.773216247558594,1.6051868200302124,1.0
4,7.788856506347656,1.5939613580703735,1.0
4,7.804496765136719,1.5824153423309326,1.0
4,7.820137023925781,1.5705684423446655,1.0
4,7.835777282714844,1.558440089225769,1.0
4,7.851417541503906,1.5460500717163086,1.0
4,7.867057800292969,1.53341805934906,1.0
4,7.882698059082031,1.5205636024475098,1.0
4,7.898338317871094,1.507506251335144,1.0
4,7.913978576660156,1.4942653179168701,1.0
4,7.929618835449219,1.4808601140975952,1.0
4,7.945259094238281,1.4673094749450684,1.0
4,7.960899353027344,1.4536322355270386,1.0
4,7.976539611816406,1.4398467540740967,1.0
4,7.992179870605469,1.4259711503982544,1.0
4,8.007820129394531,1.4120231866836548,1.0
4,8.023460388183594,1.3980202674865723,1.0
4,8.039100646972656,1.3839794397354126,1.0
4,8.054740905761719,1.3699171543121338,1.0
4,8.070381164550781,1.3558497428894043,1.0
4,8.086021423339844,1.3417928218841553,1.0
4,8.101661682128906,1.3277617692947388,1.0
4,8.117301940917969,1.3137712478637695,1.0
4,8.132942199707031,1.2998356819152832,1.0
4,8.148582458496094,1.2859690189361572,1.0
4,8.164222717285156,1.2721844911575317,1.0
4,8.179862976074219,1.2584950923919678,1.0
4,8.195503234863281,1.2449132204055786,1.0
4,8.211143493652344,1.2314507961273193,1.0
4,8.226783752441406,1.2181192636489868,1.0
4,8.242424011230469,1.2049295902252197,1.0
4,8.258064270019531,1.191892385482788,1.0
4,8.273704528808594,1.1790176630020142,1.0
4,8.289344787597656,1.166314959526062,1.0
4,8.304985046386719,1.1537935733795166,1.0
4,8.320625305175781,1.1414620876312256,1.0
4,8.336265563964844,1.1293288469314575,1.0
4,8.351905822753906,1.1174018383026123,1.0
4,8.367546081542969,1.105688452720642,1.0
4,8.383186340332031,1.0941957235336304,1.0
4,8.398826599121094,1.082930326461792,1.0
4,8.414466857910156,1.0718986988067627,1.0
4,8.430107116699219,1.0611066818237305,1.0
4,8.445747375488281,1.0505599975585938,1.0
4,8.461387634277344,1.0402637720108032,1.0
4,8.477027893066406,1.0302231311798096,1.0
4,8.492668151855469,1.0204426050186157,1.0
4,8.508309364318848,1.0109260082244873,1.0
4,8.52394962310791,1.001678466796875,1.0
4,8.539589881896973,0.9927031993865967,1.0
4,8.555230140686035,0.9840037226676941,1.0
4,8.570870399475098,0.9755832552909851,1.0
4,8.58651065826416,0.9674447774887085,1.0
4,8.602150917053223,0.9595910906791687,1.0
4,8.617791175842285,0.9520246982574463,1.0
4,8.633431434631348,0.9447479248046875,1.0
4,8.64907169342041,0.9377629160881042,1.0
4,8.664711952209473,0.9310715198516846,1.0
4,8.680352210998535,0.9246755242347717,1.0
4,8.695992469787598,0.9185764789581299,1.0
4,8.71163272857666,0.9127757549285889,1.0
4,8.727272987365723,0.9072745442390442,1.0
4,8.742913246154785,0.9020739197731018,1.0
4,8.758553504943848,0.8971748352050781,1.0
4,8.77419376373291,0.8925780057907104,1.0
4,8.789834022521973,0.8882840871810913,1.0
4,8.805474281311035,0.8842935562133789,1.0
4,8.821114540100098,0.8806068301200867,1.0
4,8.83675479888916,0.8772240877151489,1.0
4,8.852395057678223,0.8741455674171448,1.0
4,8.868035316467285,0.8713712096214294,1.0
4,8.883675575256348,0.8689010143280029,1.0
4,8.89931583404541,0.8667347431182861,1.0
4,8.914956092834473,0.8648720979690552,1.0
4,8.930596351623535,0.8633127212524414,1.0
4,8.946236610412598,0.8620561361312866,1.0
4,8.96187686920166,0.8611018061637878,1.0
4,8.977517127990723,0.8604490756988525,1.0
4,8.993157386779785,0.8600971698760986,1.0
4,9.008797645568848,0.8600452542304993,1.0
4,9.02443790435791,0.860292375087738,1.0
4,9.040078163146973,0.8608375787734985,1.0
4,9.055718421936035,0.86167973279953,1.0
4,9.071358680725098,0.8628177046775818,1.0
4,9.08699893951416,0.8642501831054688,1.0
4,9.102639198303223,0.8659758567810059,1.0
4,9.118279457092285,0.8679932355880737,1.0
4,9.133919715881348,0.870300829410553,1.0
4,9.14955997467041,0.8728970289230347,1.0
4,9.165200233459473,0.8757801055908203,1.0
4,9.180840492248535,0.8789482116699219,1.0
4,9.196480751037598,0.8823994994163513,1.0
4,9.21212100982666,0.8861319422721863,1.0
4,9.227761268615723,0.8901433944702148,1.0
4,9.243401527404785,0.8944317102432251,1.0
4,9.259041786193848,0.8989945650100708,1.0
4,9.27468204498291,0.9038295149803162,1.0
4,9.290322303771973,0.9089339971542358,1.0
4,9.305962562561035,0.9143053293228149,1.0
4,9.321602821350098,0.9199407696723938,1.0
4,9.33724308013916,0.9258373379707336,1.0
4,9.352883338928223,0.9319919943809509,1.0
4,9.368523597717285,0.9384015798568726,1.0
4,9.384163856506348,0.9450627565383911,1.0
4,9.39980411529541,0.9519720077514648,1.0
4,9.415444374084473,0.9591256976127625,1.0
4,9.431084632873535,0.9665200114250183,1.0
4,9.446724891662598,0.9741510152816772,1.0
4,9.46236515045166,0.982014536857605,1.0
4,9.478005409240723,0.9901062846183777,1.0
4,9.493645668029785,0.9984217286109924,1.0
4,9.509286880493164,1.006956696510315,1.0
4,9.524927139282227,1.0157052278518677,1.0
4,9.540567398071289,1.0246628522872925,1.0
4,9.556207656860352,1.0338242053985596,1.0
4,9.571847915649414,1.0431838035583496,1.0
4,9.587488174438477,1.0527359247207642,1.0
4,9.603128433227539,1.0624746084213257,1.0
4,9.618768692016602,1.0723936557769775,1.0
4,9.634408950805664,1.082486629486084,1.0
4,9.650049209594727,1.0927468538284302,1.0
4,9.665689468383789,1.1031674146652222,1.0
4,9.681329727172852,1.113741159439087,1.0
4,9.696969985961914,1.1244606971740723,1.0
4,9.712610244750977,1.135318398475647,1.0
4,9.728250503540039,1.1463062763214111,1.0
4,9.743890762329102,1.1574161052703857,1.0
4,9.759531021118164,1.1686394214630127,1.0
4,9.775171279907227,1.1799675226211548,1.0
4,9.790811538696289,1.1913914680480957,1.0
4,9.806451797485352,1.202901840209961,1.0
4,9.822092056274414,1.214489221572876,1.0
4,9.837732315063477,1.226143717765808,1.0
4,9.853372573852539,1.2378551959991455,1.0
4,9.869012832641602,1.2496134042739868,1.0
4,9.884653091430664,1.261407732963562,1.0
4,9.900293350219727,1.273227334022522,1.0
4,9.915933609008789,1.285061001777649,1.0
4,9.931573867797852,1.296897530555725,1.0
4,9.947214126586914,1.308725357055664,1.0
4,9.962854385375977,1.3205325603485107,1.0
4,9.978494644165039,1.33230721950531,1.0
4,9.994134902954102,1.3440371751785278,1.0
4,10.009775161743164,1.3557099103927612,1.0
4,10.025415420532227,1.367313027381897,1.0
4,10.041055679321289,1.3788336515426636,1.0
4,10.056695938110352,1.390259027481079,1.0
4,10.072336196899414,1.401576280593872,1.0
4,10.087976455688477,1.4127721786499023,1.0
4,10.103616714477539,1.4238337278366089,1.0
4,10.119256973266602,1.4347476959228516,1.0
4,10.134897232055664,1.4455009698867798,1.0
4,10.150537490844727,1.4560801982879639,1.0
4,10.166177749633789,1.4664722681045532,1.0
4,10.181818008422852,1.4766640663146973,1.0
4,10.197458267211914,1.4866424798965454,1.0
4,10.213098526000977,1.4963946342468262,1.0
4,10.228738784790039,1.505907654762268,1.0
4,10.244379043579102,1.5151689052581787,1.0
4,10.260019302368164,1.5241659879684448,1.0
4,10.275659561157227,1.5328867435455322,1.0
4,10.291299819946289,1.5413191318511963,1.0
4,10.306940078735352,1.5494515895843506,1.0
4,10.322580337524414,1.5572727918624878,1.0
4,10.338220596313477,1.5647717714309692,1.0
4,10.353860855102539,1.5719380378723145,1.0
4,10.369501113891602,1.5787614583969116,1.0
4,10.385141372680664,1.5852323770523071,1.0
4,10.400781631469727,1.5913416147232056,1.0
4,10.416421890258789,1.5970804691314697,1.0
4,10.432062149047852,1.6024408340454102,1.0
4,10.447702407836914,1.6074150800704956,1.0
4,10.463342666625977,1.6119962930679321,1.0
4,10.478982925415039,1.6161781549453735,1.0
4,10.494623184204102,1.6199549436569214,1.0
4,10.51026439666748,1.623321771621704,1.0
4,10.525904655456543,1.6262738704681396,1.0
4,10.541544914245605,1.628807783126831,1.0
4,10.557185173034668,1.63092041015625,1.0
4,10.57282543182373,1.6326096057891846,1.0
4,10.588465690612793,1.633873701095581,1.0
4,10.604105949401855,1.6347119808197021,1.0
4,10.619746208190918,1.6351242065429688,1.0
4,10.63538646697998,1.6351110935211182,1.0
4,10.651026725769043,1.6346739530563354,1.0
4,10.666666984558105,1.633814811706543,1.0
4,10.682307243347168,1.63253653049469,1.0
4,10.69794750213623,1.630842685699463,1.0
4,10.713587760925293,1.6287373304367065,1.0
4,10.729228019714355,1.6262253522872925,1.0
4,10.744868278503418,1.6233123540878296,1.0
4,10.76050853729248,1.620004415512085,1.0
4,10.776148796081543,1.616308331489563,1.0
4,10.791789054870605,1.6122316122055054,1.0
4,10.807429313659668,1.6077821254730225,1.0
4,10.82306957244873,1.602968454360962,1.0
4,10.838709831237793,1.5977996587753296,1.0
4,10.854350090026855,1.5922852754592896,1.0
4,10.869990348815918,1.586435317993164,1.0
4,10.88563060760498,1.580260157585144,1.0
4,10.901270866394043,1.5737706422805786,1.0
4,10.916911125183105,1.566978096961975,1.0
4,10.932551383972168,1.5598939657211304,1.0
4,10.94819164276123,1.5525301694869995,1.0
4,10.963831901550293,1.5448988676071167,1.0
4,10.979472160339355,1.5370124578475952,1.0
4,10.995112419128418,1.528883457183838,1.0
4,11.01075267791748,1.5205247402191162,1.0
4,11.026392936706543,1.5119491815567017,1.0
4,11.042033195495605,1.5031697750091553,1.0
4,11.057673454284668,1.4941996335983276,1.0
4,11.07331371307373,1.4850518703460693,1.0
4,11.088953971862793,1.4757397174835205,1.0
4,11.104594230651855,1.4662764072418213,1.0
4,11.120234489440918,1.4566750526428223,1.0
4,11.13587474822998,1.446948766708374,1.0
4,11.151515007019043,1.4371105432510376,1.0
4,11.167155265808105,1.427173376083374,1.0
4,11.182795524597168,1.4171501398086548,1.0
4,11.19843578338623,1.4070534706115723,1.0
4,11.214076042175293,1.3968957662582397,1.0
4,11.229716300964355,1.3866894245147705,1.0
4,11.245356559753418,1.3764467239379883,1.0
4,11.26099681854248,1.3661794662475586,1.0
4,11.276637077331543,1.3558993339538574,1.0
4,11.292277336120605,1.3456178903579712,1.0
4,11.307917594909668,1.3353463411331177,1.0
4,11.32355785369873,1.3250956535339355,1.0
4,11.339198112487793,1.3148765563964844,1.0
4,11.354838371276855,1.3046995401382446,1.0
4,11.370478630065918,1.2945747375488281,1.0
4,11.38611888885498,1.2845120429992676,1.0
4,11.401759147644043,1.2745211124420166,1.0
4,11.417399406433105,1.2646112442016602,1.0
4,11.433039665222168,1.254791498184204,1.0
4,11.44867992401123,1.2450705766677856,1.0
4,11.464320182800293,1.235456943511963,1.0
4,11.479960441589355,1.2259587049484253,1.0
4,11.495600700378418,1.2165837287902832,1.0
4,11.511241912841797,1.2073390483856201,1.0
4,11.52688217163086,1.1982330083847046,1.0
4,11.542522430419922,1.189272165298462,1.0
4,11.558162689208984,1.1804630756378174,1.0
4,11.573802947998047,1.1718122959136963,1.0
4,11.58944320678711,1.1633260250091553,1.0
4,11.605083465576172,1.1550099849700928,1.0
4,11.620723724365234,1.1468700170516968,1.0
4,11.636363983154297,1.1389113664627075,1.0
4,11.65200424194336,1.1311390399932861,1.0
4,11.667644500732422,1.1235580444335938,1.0
4,11.683284759521484,1.1161729097366333,1.0
4,11.698925018310547,1.1089880466461182,1.0
4,11.71456527709961,1.1020076274871826,1.0
4,11.730205535888672,1.0952354669570923,1.0
4,11.745845794677734,1.0886753797531128,1.0
4,11.761486053466797,1.0823307037353516,1.0
4,11.77712631225586,1.076204776763916,1.0
4,11.792766571044922,1.070300579071045,1.0
4,11.808406829833984,1.0646209716796875,1.0
4,11.824047088623047,1.0591686964035034,1.0
4,11.83968734741211,1.0539461374282837,1.0
4,11.855327606201172,1.0489555597305298,1.0
4,11.870967864990234,1.0441991090774536,1.0
4,11.886608123779297,1.039678692817688,1.0
4,11.90224838256836,1.0353960990905762,1.0
4,11.917888641357422,1.0313528776168823,1.0
4,11.933528900146484,1.027550458908081,1.0
4,11.949169158935547,1.0239901542663574,1.0
4,11.96480941772461,1.0206730365753174,1.0
4,11.980449676513672,1.0176000595092773,1.0
4,11.996089935302734,1.0147720575332642,1.0
4,12.011730194091797,1.0121897459030151,1.0
4,12.02737045288086,1.0098536014556885,1.0
4,12.043010711669922,1.0077641010284424,1.0
4,12.058650970458984,1.0059216022491455,1.0
4,12.074291229248047,1.0043261051177979,1.0
4,12.08993148803711,1.002977728843689,1.0
4,12.105571746826172,1.0018763542175293,1.0
4,12.121212005615234,1.0010216236114502,1.0
4,12.136852264404297,1.0004132986068726,1.0
4,12.15249252319336,1.0000509023666382,1.0
4,12.168132781982422,0.9999338984489441,1.0
4,12.183773040771484,1.0000615119934082,1.0
4,12.199413299560547,1.0004329681396484,1.0
4,12.21505355834961,1.0010472536087036,1.0
4,12.230693817138672,1.0019032955169678,1.0
4,12.246334075927734,1.003000020980835,1.0
4,12.261974334716797,1.0043359994888306,1.0
4,12.27761459350586,1.0059099197387695,1.0
4,12.293254852294922,1.0077202320098877,1.0
4,12.308895111083984,1.0097652673721313,1.0
4,12.324535369873047,1.0120433568954468,1.0
4,12.34017562866211,1.0145525932312012,1.0
4,12.355815887451172,1.0172909498214722,1.0
4,12.371456146240234,1.0202562808990479,1.0
4,12.387096405029297,1.0234463214874268,1.0
4,12.40273666381836,1.0268588066101074,1.0
4,12.418376922607422,1.0304912328720093,1.0
4,12.434017181396484,1.0343409776687622,1.0
4,12.449657440185547,1.038405179977417,1.0
4,12.46529769897461,1.042681097984314,1.0
4,12.480937957763672,1.0471656322479248,1.0
4,12.496578216552734,1.0518556833267212,1.0
4,12.512219429016113,1.056748390197754,1.0
4,12.527859687805176,1.0618395805358887,1.0
4,12.543499946594238,1.0671260356903076,1.0
4,12.5591402053833,1.0726040601730347,1.0
4,12.574780464172363,1.0782697200775146,1.0
4,12.590420722961426,1.0841190814971924,1.0
4,12.606060981750488,1.0901479721069336,1.0
4,12.62170124053955,1.0963521003723145,1.0
4,12.637341499328613,1.102726936340332,1.0
4,12.652981758117676,1.1092679500579834,1.0
4,12.668622016906738,1.115970253944397,1.0
4,12.6842622756958,1.1228289604187012,1.0
4,12.699902534484863,1.1298390626907349,1.0
4,12.715542793273926,1.1369950771331787,1.0
4,12.731183052062988,1.1442917585372925,1.0
4,12.74682331085205,1.1517233848571777,1.0
4,12.762463569641113,1.1592841148376465,1.0
4,12.778103828430176,1.1669681072235107,1.0
4,12.793744087219238,1.1747691631317139,1.0
4,12.8093843460083,1.1826810836791992,1.0
4,12.825024604797363,1.1906973123550415,1.0
4,12.840664863586426,1.1988111734390259,1.0
4,12.856305122375488,1.2070159912109375,1.0
4,12.87194538116455,1.2153047323226929,1.0
4,12.887585639953613,1.223670244216919,1.0
4,12.903225898742676,1.2321051359176636,1.0
4,12.918866157531738,1.2406020164489746,1.0
4,12.9345064163208,1.2491532564163208,1.0
4,12.950146675109863,1.2577509880065918,1.0
4,12.965786933898926,1.2663873434066772,1.0
4,12.981427192687988,1.2750542163848877,1.0
4,12.99706745147705,1.2837433815002441,1.0
4,13.012707710266113,1.292446494102478,1.0
4,13.028347969055176,1.3011549711227417,1.0
4,13.043988227844238,1.3098602294921875,1.0
4,13.0596284866333,1.3185535669326782,1.0
4,13.075268745422363,1.327226161956787,1.0
4,13.090909004211426,1.3358689546585083,1.0
4,13.106549263000488,1.3444730043411255,1.0
4,13.12218952178955,1.3530292510986328,1.0
4,13.137829780578613,1.3615285158157349,1.0
4,13.153470039367676,1.3699615001678467,1.0
4,13.169110298156738,1.3783190250396729,1.0
4,13.1847505569458,1.3865917921066284,1.0
4,13.200390815734863,1.3947705030441284,1.0
4,13.216031074523926,1.402845859527588,1.0
4,13.231671333312988,1.4108085632324219,1.0
4,13.24731159210205,1.418649435043335,1.0
4,13.262951850891113,1.4263591766357422,1.0
4,13.278592109680176,1.4339287281036377,1.0
4,13.294232368469238,1.4413490295410156,1.0
4,13.3098726272583,1.4486110210418701,1.0
4,13.325512886047363,1.455706000328064,1.0
4,13.341153144836426,1.4626251459121704,1.0
4,13.356793403625488,1.4693599939346313,1.0
4,13.37243366241455,1.4759020805358887,1.0
4,13.388073921203613,1.4822431802749634,1.0
4,13.403714179992676,1.4883754253387451,1.0
4,13.419354438781738,1.494291067123413,1.0
4,13.4349946975708,1.499982476234436,1.0
4,13.450634956359863,1.505442500114441,1.0
4,13.466275215148926,1.5106641054153442,1.0
4,13.481915473937988,1.5156406164169312,1.0
4,13.49755573272705,1.520365595817566,1.0
4,13.51319694519043,1.52483332157135,1.0
4,13.528837203979492,1.529037594795227,1.0
4,13.544477462768555,1.5329734086990356,1.0
4,13.560117721557617,1.5366357564926147,1.0
4,13.57575798034668,1.5400199890136719,1.0
4,13.591398239135742,1.5431220531463623,1.0
4,13.607038497924805,1.5459381341934204,1.0
4,13.622678756713867,1.5484648942947388,1.0
4,13.63831901550293,1.5506993532180786,1.0
4,13.653959274291992,1.552639126777649,1.0
4,13.669599533081055,1.5542821884155273,1.0
4,13.685239791870117,1.5556269884109497,1.0
4,13.70088005065918,1.5566723346710205,1.0
4,13.716520309448242,1.5574175119400024,1.0
4,13.732160568237305,1.557862401008606,1.0
4,13.747800827026367,1.5580072402954102,1.0
4,13.76344108581543,1.5578527450561523,1.0
4,13.779081344604492,1.557400107383728,1.0
4,13.794721603393555,1.556650996208191,1.0
4,13.810361862182617,1.5556074380874634,1.0
4,13.82600212097168,1.554271936416626,1.0
4,13.841642379760742,1.552647352218628,1.0
4,13.857282638549805,1.5507372617721558,1.0
4,13.872922897338867,1.548545241355896,1.0
4,13.88856315612793,1.546075701713562,1.0
4,13.904203414916992,1.5433330535888672,1.0
4,13.919843673706055,1.5403224229812622,1.0
4,13.935483932495117,1.5370490550994873,1.0
4,13.95112419128418,1.533518671989441,1.0
4,13.966764450073242,1.5297373533248901,1.0
4,13.982404708862305,1.5257114171981812,1.0
4,13.998044967651367,1.5214475393295288,1.0
4,14.01368522644043,1.516952633857727,1.0
4,14.029325485229492,1.5122339725494385,1.0
4,14.044965744018555,1.5072990655899048,1.0
4,14.060606002807617,1.5021555423736572,1.0
4,14.07624626159668,1.4968113899230957,1.0
4,14.091886520385742,1.4912747144699097,1.0
4,14.107526779174805,1.4855537414550781,1.0
4,14.123167037963867,1.4796570539474487,1.0
4,14.13880729675293,1.4735932350158691,1.0
4,14.154447555541992,1.4673709869384766,1.0
4,14.170087814331055,1.4609991312026978,1.0
4,14.185728073120117,1.454486608505249,1.0
4,14.20136833190918,1.4478423595428467,1.0
4,14.217008590698242,1.4410754442214966,1.0
4,14.232648849487305,1.4341949224472046,1.0
4,14.248289108276367,1.4272099733352661,1.0
4,14.26392936706543,1.420129656791687,1.0
4,14.279569625854492,1.4129630327224731,1.0
4,14.295209884643555,1.4057190418243408,1.0
4,14.310850143432617,1.3984068632125854,1.0
4,14.32649040222168,1.3910354375839233,1.0
4,14.342130661010742,1.3836135864257812,1.0
4,14.357770919799805,1.376150131225586,1.0
4,14.373411178588867,1.3686537742614746,1.0
4,14.38905143737793,1.3611332178115845,1.0
4,14.404691696166992,1.3535969257354736,1.0
4,14.420331954956055,1.3460532426834106,1.0
4,14.435972213745117,1.338510513305664,1.0
4,14.45161247253418,1.3309767246246338,1.0
4,14.467252731323242,1.3234598636627197,1.0
4,14.482892990112305,1.3159677982330322,1.0
4,14.498533248901367,1.3085081577301025,1.0
4,14.514174461364746,1.3010879755020142,1.0
4,14.529814720153809,1.293715476989746,1.0
4,14.545454978942871,1.2863974571228027,1.0
4,14.561095237731934,1.2791407108306885,1.0
4,14.576735496520996,1.2719521522521973,1.0
4,14.592375755310059,1.2648383378982544,1.0
4,14.608016014099121,1.257805585861206,1.0
4,14.623656272888184,1.2508602142333984,1.0
4,14.639296531677246,1.2440083026885986,1.0
4,14.654936790466309,1.237255573272705,1.0
4,14.670577049255371,1.2306078672409058,1.0
4,14.686217308044434,1.224070429801941,1.0
4,14.701857566833496,1.2176487445831299,1.0
4,14.717497825622559,1.2113476991653442,1.0
4,14.733138084411621,1.2051723003387451,1.0
4,14.748778343200684,1.1991273164749146,1.0
4,14.764418601989746,1.193217158317566,1.0
4,14.780058860778809,1.187446117401123,1.0
4,14.795699119567871,1.1818184852600098,1.0
4,14.811339378356934,1.1763380765914917,1.0
4,14.826979637145996,1.171008825302124,1.0
4,14.842619895935059,1.1658341884613037,1.0
4,14.858260154724121,1.1608177423477173,1.0
4,14.873900413513184,1.155962586402893,1.0
4,14.889540672302246,1.151271939277649,1.0
4,14.905180931091309,1.146748661994934,1.0
4,14.920821189880371,1.1423954963684082,1.0
4,14.936461448669434,1.1382150650024414,1.0
4,14.952101707458496,1.1342097520828247,1.0
4,14.967741966247559,1.1303818225860596,1.0
4,14.983382225036621,1.1267333030700684,1.0
4,14.999022483825684,1.1232662200927734,1.0
4,15.014662742614746,1.1199824810028076,1.0
4,15.030303001403809,1.116883635520935,1.0
4,15.045943260192871,1.1139711141586304,1.0
4,15.061583518981934,1.1112464666366577,1.0
4,15.077223777770996,1.108710765838623,1.0
4,15.092864036560059,1.1063650846481323,1.0
4,15.108504295349121,1.1042104959487915,1.0
4,15.124144554138184,1.102247714996338,1.0
4,15.139784812927246,1.1004773378372192,1.0
4,15.155425071716309,1.0989000797271729,1.0
4,15.171065330505371,1.0975161790847778,1.0
4,15.186705589294434,1.0963259935379028,1.0
4,15.202345848083496,1.095329761505127,1.0
4,15.217986106872559,1.0945273637771606,1.0
4,15.233626365661621,1.093918800354004,1.0
4,15.249266624450684,1.0935038328170776,1.0
4,15.264906883239746,1.0932821035385132,1.0
4,15.280547142028809,1.0932531356811523,1.0
4,15.296187400817871,1.0934163331985474,1.0
4,15.311827659606934,1.0937711000442505,1.0
4,15.327467918395996,1.0943164825439453,1.0
4,15.343108177185059,1.095051646232605,1.0
4,15.358748435974121,1.095975399017334,1.0
4,15.374388694763184,1.0970866680145264,1.0
4,15.390028953552246,1.098384141921997,1.0
4,15.405669212341309,1.0998663902282715,1.0
4,15.421309471130371,1.101531982421875,1.0
4,15.436949729919434,1.1033791303634644,1.0
4,15.452589988708496,1.1054061651229858,1.0
4,15.468230247497559,1.1076111793518066,1.0
4,15.483870506286621,1.1099921464920044,1.0
4,15.499510765075684,1.1125470399856567,1.0
4,15.515151977539062,1.1152737140655518,1.0
4,15.530792236328125,1.1181695461273193,1.0
4,15.546432495117188,1.1212321519851685,1.0
4,15.56207275390625,1.1244590282440186,1.0
4,15.577713012695312,1.12784743309021,1.0
4,15.593353271484375,1.1313945055007935,1.0
4,15.608993530273438,1.1350973844528198,1.0
4,15.6246337890625,1.1389529705047607,1.0
4,15.640274047851562,1.1429580450057983,1.0
4,15.655914306640625,1.1471092700958252,1.0
4,15.671554565429688,1.1514033079147339,1.0
4,15.68719482421875,1.155836582183838,1.0
4,15.702835083007812,1.1604053974151611,1.0
4,15.718475341796875,1.165105938911438,1.0
4,15.734115600585938,1.1699342727661133,1.0
4,15.749755859375,1.1748863458633423,1.0
4,15.765396118164062,1.1799581050872803,1.0
4,15.781036376953125,1.1851451396942139,1.0
4,15.796676635742188,1.1904431581497192,1.0
4,15.81231689453125,1.195847511291504,1.0
4,15.827957153320312,1.201353669166565,1.0
4,15.843597412109375,1.2069567441940308,1.0
4,15.859237670898438,1.2126518487930298,1.0
4,15.8748779296875,1.2184340953826904,1.0
4,15.890518188476562,1.2242982387542725,1.0
4,15.906158447265625,1.2302391529083252,1.0
4,15.921798706054688,1.2362514734268188,1.0
4,15.93743896484375,1.242329716682434,1.0
4,15.953079223632812,1.248468279838562,1.0
4,15.968719482421875,1.2546615600585938,1.0
4,15.984359741210938,1.2609038352966309,1.0
4,16.0,1.2671891450881958,1.0
