traj_id,t,y,u,v
1,0.0,-66.7401364374681,5.90248963111675,
1,0.005,-66.0596783686205,7.04549005502498,
1,0.01,-71.0290921259447,5.26749023669994,
1,0.015,-66.2864964533373,3.29898908609188,
1,0.02,-66.6164181757494,3.55299338573253,
1,0.025,-67.5855572748705,5.64848533147609,
1,0.03,-67.296876244597,7.04549005502497,
1,0.035,-66.6988957453295,5.45799156898297,
1,0.04,-63.2965977716966,3.61648878330028,
1,0.045,-72.3487713861986,3.93398848050867,
1,0.05,-65.3173573542162,5.52148696655072,
1,0.055,-63.7502377558275,6.53749659532344,
1,0.06,-65.2554982233568,5.58498236411846,
1,0.065,-66.1215374994798,3.99749144786632,
1,0.07,-62.1212590265795,4.12448224300182,
1,0.075,-59.9767811823412,3.74349471801555,
1,0.08,-40.9651558924242,0.123984544217944,
1,0.085,-17.231551938109,-6.1625140023824,
1,0.09,1.78007382864515,-11.4965058875676,
1,0.095,37.0196291875319,-11.6235118222829,
1,0.1,55.2889391850905,-8.89300534254275,
1,0.105,63.3719698857741,-8.70251158004965,
1,0.11,65.0421893071608,-11.6235118222829,
1,0.115,65.3721072148756,-14.0365110350248,
1,0.12,68.3620058965163,-13.0840119433995,
1,0.125,67.72278470511,-10.3535130334493,
1,0.13,69.2899081181959,-10.036009551346,
1,0.135,69.1455676030592,-12.3855095816251,
1,0.14,67.72278470511,-14.3540116784569,
1,0.145,67.2691485356764,-13.5285108926181,
1,0.15,67.0010897588209,-11.6235109351982,
1,0.155,66.3206316899733,-11.1155098465678,
1,0.16,67.0835711430983,-12.7030130637285,
1,0.165,68.3207690190748,-14.2905077648755,
1,0.17,68.6506869267897,-13.6555121553537,
1,0.175,66.217528052278,-11.9410077345964,
1,0.18,66.2381503056959,-11.2425167275068,
1,0.185,70.77454251761,-12.5760109139081,
1,0.19,67.4959704350905,-13.5920054031011,
1,0.195,70.6095873784498,-13.2110103083249,
1,0.2,71.2281863164381,-12.0680174542066,
1,0.205,67.4959704350905,-11.6870072198507,
1,0.21,68.8568865727858,-12.576018483698,
1,0.215,69.24866361136,-13.5285100055333,
1,0.22,68.8775088262038,-13.1475073409673,
1,0.225,66.6299273442702,-11.0520078254339,
1,0.23,66.1556689214186,-7.49600818878374,
1,0.235,64.691649146028,-4.00351908928117,
1,0.24,59.3923098515944,-1.84450903660026,
1,0.245,42.9581858586744,-1.52700176960194,
1,0.25,26.1322771977858,-1.71751824146473,
1,0.255,18.5647417973952,-1.14601424461567,
1,0.26,17.4306437444166,-0.130012185632825,
1,0.265,20.9566599797682,0.505002348363785,
1,0.27,25.5549189519362,0.250975339353385,
1,0.275,29.0603129338698,-0.320498378336015,
1,0.28,26.9983164739088,-0.447519452631144,
1,0.285,24.4826762151198,-0.130012185632825,
1,0.29,22.8124606084303,0.377996413648486,
1,0.295,22.2144801091627,0.504987208783984,
1,0.3,21.9464194249586,0.250990478933215,
1,0.305,21.8226992558912,0.060489146650195,
1,0.31,20.1318613957838,0.060489146650195,
1,0.315,18.9565226506666,0.377981274068685,
1,0.32,17.4512621831373,0.441491811216263,
1,0.325,17.8636633824782,0.441491811216235,
1,0.33,17.6780821752028,0.250990478933215,
1,0.335,17.8018023442702,0.187495081365466,
1,0.34,17.8842818211989,0.314485876500964,
1,0.345,18.5028826665358,0.441491811216235,
1,0.35,18.6884619664625,0.441476671636462,
1,0.355,19.0596224736647,0.314501016080737,
1,0.36,20.4617812108473,0.250990478933215,
1,0.365,21.967039771028,0.250975339353442,
1,0.37,21.5340201329664,0.505002348363757,
1,0.375,18.9359023045973,1.13998660320082,
1,0.38,12.7911459874586,2.91797885173592,
1,0.385,3.88331288809339,5.33100077384746,
1,0.39,-11.643536143355,6.47397848838603,
1,0.395,-30.0159428644701,6.53748902553356,
1,0.4,-49.8111279535814,6.41049823039806,
1,0.405,-62.7810986567064,6.72799035781658,
1,0.41,-69.1114361811205,7.29947921508586,
1,0.415,-68.7402737665697,7.61700162166393,
1,0.42,-68.8433735895677,7.42648514980113,
1,0.425,-69.5444539118334,7.10899302238262,
1,0.43,-66.9257176447435,6.98198708766735,
1,0.435,-66.6576550531908,7.36298975223339,
1,0.44,-66.5751774836107,7.74397727721965,
1,0.445,-67.8948567438646,7.80749538415705,
1,0.45,-69.4619763422533,7.48998811715877,
1,0.455,-70.1836751032396,7.42649271959104,
1,0.46,-68.6990368891283,7.61698648208415,
1,0.465,-68.822755150847,7.99798914665019,
1,0.47,-68.4309742975755,7.87099078172481,
1,0.475,-68.5959370661302,7.61698648208415,
1,0.48,-68.1216748285814,7.55349108451641,
1,0.485,-65.2348759699388,7.68048944944178,
1,0.49,-66.0390561152025,7.6804894494418,
1,0.495,-65.0905392694994,7.68048944944179,
1,0.5,-65.2348759699388,7.74398863190448,
1,0.505,-68.2247746515795,7.55348729962147,
1,0.51,-67.8123753595873,7.48999000960624,
1,0.515,-67.4824574518724,7.61698837453163,
1,0.52,-66.9875767756029,7.87098936238921,
1,0.525,-65.6060383844896,7.23598931744358,
1,0.53,-65.2554982233568,5.71198894936255,
1,0.535,-64.9874394465013,4.1244898127917,
1,0.54,-62.9872983027025,3.23548895740545,
1,0.545,-62.2449811029955,3.17198882871902,
1,0.55,-60.7603390741869,3.23548990362918,
1,0.555,-59.9561627436205,2.6639877992276,
1,0.56,-62.8841984797045,2.15599055463111,
1,0.565,-65.8947156000658,2.28298891955649,
1,0.57,-66.6164181757494,2.72748887413776,
1,0.575,-65.4410794306322,2.66398969167507,
1,0.58,-63.3996975946947,2.15598866218364,
1,0.585,-63.9152005243822,1.96548732990062,
1,0.59,-64.0389187861009,2.21949162954128,
1,0.595,-63.5234196711107,2.91798642152584,
1,0.6,-62.9460576105638,2.91799020642078,
1,0.605,-64.2244999933763,2.21949162954128,
1,0.61,-61.5439007807298,1.83848896497524,
1,0.615,-62.9872983027025,2.09248569482601,
1,0.62,-63.5440381098314,2.60049050921237,
1,0.625,-62.7398579645677,2.79098805660046,
1,0.63,-62.2862179804369,2.47349214428698,
1,0.635,-62.7398579645677,1.90198814743792,
1,0.64,-66.6576550531908,1.90198814743794,
1,0.645,-67.0494359064623,2.40998917692935,
1,0.65,-66.7607548761888,2.60049050921237,
1,0.655,-66.6370366144701,2.60048672431743,
1,0.66,-66.6782773066087,2.34648999446666,
1,0.665,-66.1009152460619,2.15598866218364,
1,0.67,-63.5234196711107,2.15598866218364,
1,0.675,-54.7805455256029,1.20348957055843,
1,0.68,-30.7376416254564,-1.97150740152562,
1,0.685,-15.1283138323351,-6.28951236730778,
1,0.69,-1.39540367608507,-8.82950994497502,
1,0.695,15.2655436467604,-8.70251158004963,
1,0.7,38.854807562776,-8.13101136809552,
1,0.705,52.2990366887526,-8.63901239758694,
1,0.71,65.1659075688795,-10.0995087338086,
1,0.715,65.1865298222975,-10.7345119131204,
1,0.72,65.3927294682936,-10.0360107341256,
1,0.725,64.4648272466139,-9.14701082496309,
1,0.73,66.7742678594069,-9.40101157626474,
1,0.735,66.959845251985,-10.4170103234645,
1,0.74,68.2589098882155,-10.8615121704932,
1,0.745,71.3931414555983,-10.417008431017,
1,0.75,70.6508242558913,-9.90901118642056,
1,0.755,67.7021700810866,-10.3535092485543,
1,0.76,67.3310076665358,-10.9250094605085,
1,0.765,67.0217043828444,-11.0520153952237,
1,0.77,67.2691485356764,-10.7345081282254,
1,0.775,68.3413836430983,-10.0995163035985,
1,0.78,68.5888277959303,-10.226507098734,
1,0.785,71.4550005864577,-10.6710127306577,
1,0.79,71.7643038701491,-10.8615064931508,
1,0.795,69.0630862187819,-10.4805189681646,
1,0.8,68.3826281499342,-10.1630117011663,
1,0.805,69.1661822270827,-10.3534978938695,
1,0.81,69.24866361136,-10.7345156980153,
1,0.815,69.0012270879225,-10.6075097633001,
1,0.82,68.1764285039381,-10.5440143657323,
1,0.825,66.9392306279616,-9.08351424461565,
1,0.83,66.5474459599928,-4.51151254898277,
1,0.835,57.6189944219069,1.14000174278057,
1,0.84,31.3078944158034,3.36247691386977,
1,0.845,12.7292868565993,3.17199072116646,
1,0.85,-1.53974323754748,3.04499992603099,
1,0.855,-15.7881529856249,4.37847897285262,
1,0.86,-27.7683651972338,5.77549883598122,
1,0.865,-36.8823979425951,6.15648636096752,
1,0.87,-41.3156941462084,5.39448103183544,
1,0.875,-45.8108532953783,4.63249084228313,
1,0.88,-50.3060086298509,5.01349350684917,
1,0.885,-57.1312230158373,5.838994233549,
1,0.89,-66.4102185297533,6.15648636096752,
1,0.895,-71.6064541864916,5.71198829883373,
1,0.9,-70.9466145563646,5.20397969955242,
1,0.905,-71.4208729792162,5.58499750369823,
1,0.91,-71.5445950556322,6.09299096339977,
1,0.915,-67.7505162287279,6.34698769325054,
1,0.92,-67.6680348444505,6.21998175853527,
1,0.925,-66.3483555841966,5.90249720090665,
1,0.93,-65.8328564692064,6.02948799604212,
1,0.935,-68.6371739435716,6.09299096339977,
1,0.94,-68.9258549738451,6.2834847258929,
1,0.945,-68.6371739435716,6.21998932832517,
1,0.95,-69.2145360041185,5.90248963111673,
1,0.955,-69.3588765192552,5.77549126619136,
1,0.96,-68.8639958429857,5.83898666375911,
1,0.965,-69.3176358271166,6.21998932832515,
1,0.97,-64.9461987543627,6.15648636096752,
1,0.975,-65.6266568232103,5.01349350684917,
1,0.98,-64.3482182550951,2.02899029725826,
1,0.985,-54.3475239801927,-1.33651557689869,
1,0.99,-29.6860230494066,-3.24150619035923,
1,0.995,-14.550954155974,-3.17801079279149,
1,1.0,-3.76670198922594,-2.92401406294072,
1,1.005,1.90379399771253,-3.62250885492527,
1,1.01,11.9251067113356,-4.95601061111653,
1,1.015,17.7399432134108,-5.33701327568257,
1,1.02,24.0084177922682,-4.51151254898274,
1,1.025,25.2249972295241,-3.74950721985066,
1,1.03,29.9469744634108,-4.06701448684894,
1,1.035,35.4731318425612,-4.95601061111653,
1,1.04,41.9890467595534,-5.40050867325033,
1,1.045,50.0720812749342,-4.82901224619116,
1,1.05,59.6397540044264,-4.19401285177432,
1,1.055,65.6195513677077,-4.38450661426745,
1,1.06,66.5062090825514,-5.08301654583181,
1,1.065,69.6198260259108,-5.27350273853505,
1,1.07,70.6920611333327,-5.14651194339955,
1,1.075,70.0528475713209,-4.63851848369801,
1,1.08,69.1868044805006,-4.57500794655049,
1,1.085,70.1559435796217,-4.95601061111653,
1,1.09,70.4033877324538,-5.2100073409673,
1,1.095,67.1660448979811,-5.14651194339955,
1,1.1,67.7021700810866,-4.95601061111653,
1,1.105,68.1764285039381,-4.76550927883351,
1,1.11,68.1558062505202,-4.82901981598103,
1,1.115,68.1970431279616,-5.14649680381978,
1,1.12,70.8776461553053,-5.01952114826405,
1,1.125,65.9288470220045,-3.94000855213368,
1,1.13,64.6091677617506,-1.14601424461567,
1,1.135,50.2576586675123,2.28299459689891,
1,1.14,28.7303950261549,3.87048551315105,
1,1.145,14.5232245397047,3.8069901155833,
1,1.15,4.35757226461927,3.74349471801555,
1,1.155,-2.81818228249987,4.56898030513561,
1,1.16,-10.6537768173738,5.45799156898296,
1,1.165,-17.6645720530077,5.52148696655071,
1,1.17,-24.1186268854662,5.07698890441692,
1,1.175,-29.7066433954759,4.69600137943065,
1,1.18,-37.9133980799242,5.14048430198467,
1,1.185,-46.9655697870775,5.71198829883373,
1,1.19,-52.6360676813646,5.52148696655071,
1,1.195,-60.9665425348802,5.20399483913219,
1,1.2,-67.3174946833177,5.0134783672694,
1,1.205,-66.9463360834642,5.45799156898296,
1,1.21,-65.8740971613451,5.96599259847438,
1,1.215,-67.4618351984545,5.71198829883373,
1,1.22,-69.6887944269701,5.33099320405757,
1,1.225,-70.348634057097,5.26748266691007,
1,1.23,-70.2249157953783,5.58498993390834,
1,1.235,-69.6475537348314,5.96599259847437,
1,1.24,-69.5032132196947,5.83898666375911,
1,1.245,-76.5140088129564,5.45799156898296,
1,1.25,-69.5444539118334,5.52148696655071,
1,1.255,-69.5238354731127,5.58498993390834,
1,1.26,-69.6681759882494,5.90248963111675,
1,1.265,-68.9877141047045,5.77548748129642,
1,1.27,-66.5751774836107,5.52149075144565,
1,1.275,-66.533936791472,5.45798778408802,
1,1.28,-66.4926960993334,5.14049187177455,
1,1.285,-65.3998387384935,5.01348593705928,
1,1.29,-64.904958062224,4.75948920720851,
1,1.295,-64.9874394465013,4.31499114507472,
1,1.3,-68.1422970819994,4.5054886924628,
1,1.305,-68.0804341364427,4.63248894983566,
1,1.31,-68.1629155207201,4.5054886924628,
1,1.315,-67.9154751825853,4.31499019885099,
1,1.32,-67.9360974360033,4.37848938131368,
1,1.325,-68.1629155207201,4.25148865082896,
1,1.33,-68.6371739435716,4.31498925262725,
1,1.335,-68.3897336054369,4.56898905770516,
1,1.34,-68.3072560358568,4.37848961786962,
1,1.345,-68.1010563898607,4.25148912394083,
1,1.35,-68.5753148127123,4.5054886924628,
1,1.355,-68.1010563898607,4.44198951000011,
1,1.36,-68.5134556818529,4.1879889952544,
1,1.365,-65.0492985773607,4.37848843508995,
1,1.37,-64.8430989313646,4.44199140244758,
1,1.375,-64.9255765009447,4.37848654264247,
1,1.38,-65.0492985773607,4.37849032753742,
1,1.385,-64.7606175470873,4.44198951000011,
1,1.39,-64.4306996393724,4.31498736017979,
1,1.395,-65.9978154230638,4.31499114507472,
1,1.4,-67.6061757135912,4.50548869246279,
1,1.405,-68.6990368891283,4.37848654264247,
1,1.41,-67.7711346674486,4.1244898127917,
1,1.415,-67.8742344904466,4.50549247735774,
1,1.42,-67.4824574518724,4.50548490756786,
1,1.425,-66.6576550531908,3.8069901155833,
1,1.43,-64.7606175470873,2.15598866218364,
1,1.435,-59.7705815363451,0.441491811216235,
1,1.44,-48.6770299006029,-0.511014850198865,
1,1.445,-36.8411572504564,-0.511007280408979,
1,1.45,-30.5314419794603,-0.384008915483594,
1,1.455,-28.3663437891527,-0.82851454740727,
1,1.46,-27.1910050440355,-1.46350637203419,
1,1.465,-28.2426236200853,-1.6540152741071,
1,1.47,-27.3765843439623,-1.33650800710881,
1,1.475,-25.8919461298509,-0.955512912332654,
1,1.48,-23.8299477625414,-0.828506977617383,
1,1.485,-20.757569603972,-1.27301260954106,
1,1.49,-16.7779124308153,-1.71751067167485,
1,1.495,-13.2931349802538,-1.59051230674946,
1,1.5,-9.87021743541201,-1.20950964218342,
1,1.505,-6.94217949395617,-1.08251127725804,
1,1.51,-5.18948059564074,-1.46351394182408,
1,1.515,-3.78732185845812,-1.65400770431721,
1,1.52,-2.61198263650378,-1.71751067167485,
1,1.525,-0.446884446196158,-1.52701312428677,
1,1.53,-1.35416346078356,-1.27300882464612,
1,1.535,0.666595168061654,-1.20951342707836,
1,1.54,1.6769740056471,-1.46351015692914,
1,1.545,3.80083245749037,-1.65401148921215,
1,1.55,5.98655099386732,-1.46351015692914,
1,1.555,8.81148976797621,-1.20950964218342,
1,1.56,10.9972083043532,-1.33651179200375,
1,1.565,17.492502875276,-1.59050852185452,
1,1.57,18.3379218053297,-1.65401148921216,
1,1.575,15.0387255620436,-1.01901209479535,
1,1.58,9.67752904409925,1.13999038809574,
1,1.585,4.08951253408949,3.29898908609188,
1,1.59,-0.735563569120963,4.4419895100001,
1,1.595,-13.7467744875475,4.63248705738819,
1,1.6,-23.9742873240038,4.25148817771708,
1,1.605,-40.0784962702318,4.37849411243237,
1,1.61,-63.379079155974,5.26748266691005,
1,1.615,-66.1009152460619,5.64849290126598,
1,1.62,-65.008057885222,5.14049187177455,
1,1.625,-65.7916157770677,4.82298460477626,
1,1.63,-68.5546963739916,4.75948920720851,
1,1.635,-67.9979565668627,5.2039872693423,
1,1.64,-68.9670956659837,5.71199586862363,
1,1.645,-67.9979565668627,5.39448860162531,
1,1.65,-64.9874394465013,5.07698890441692,
1,1.655,-65.2142575312181,5.33098563426769,
1,1.66,-64.5131772089525,5.52148696655072,
1,1.665,-63.8327191401048,6.029495565832,
1,1.67,-63.379079155974,5.77548369640148,
1,1.675,-66.8226178217455,5.45799156898296,
1,1.68,-65.9359562922045,5.39448103183544,
1,1.685,-66.0184376764818,5.45799156898296,
1,1.69,-67.0288174677416,5.71198829883373,
1,1.695,-66.5545552301927,5.64849290126598,
1,1.7,-68.2247746515795,5.33098563426769,
1,1.705,-67.8536160517259,5.26749023669994,
1,1.71,-67.6061757135912,5.39449617141521,
1,1.715,-67.956715874724,5.58498236411846,
1,1.72,-67.4618351984545,5.52148696655071,
1,1.725,-66.9257176447435,4.7594967769984,
1,1.73,-65.0699170160814,3.23548611873424,
1,1.735,-60.8840611506029,1.0129958080653,
1,1.74,-50.1822903681322,-0.257018120348096,
1,1.745,-37.0267384577318,-0.257002980768323,
1,1.75,-29.046803765349,-0.0030213904973269,
1,1.755,-25.7269852686449,-0.320498378336072,
1,1.76,-25.9744256067797,-1.27302017933095,
1,1.765,-26.2631047297045,-1.40001097446644,
1,1.77,-25.8300850916429,-0.892002375185132,
1,1.775,-24.9846661615892,-0.511014850198865,
1,1.78,-24.0773871470018,-0.765011580049634,
1,1.785,-22.2215884256883,-1.40001097446644,
1,1.79,-18.3862717676683,-1.65400770431721,
1,1.795,-13.8704946566149,-1.33651557689869,
1,1.8,-11.5816762972399,-0.828506977617383,
1,1.805,-9.31347780709704,-0.765011580049634,
1,1.81,-5.68436031823595,-1.27302017933095,
1,1.815,-3.23058205132921,-1.59049716716969,
1,1.82,-1.27168398385485,-1.40001097446644,
1,1.825,-0.570603661589224,-1.01902344948018,
1,1.83,-1.60160332208117,-0.828506977617383,
1,1.835,-2.61198263650378,-1.27300503975117,
1,1.84,-1.72532301431139,-1.52701690918171,
1,1.845,-0.900523476652701,-1.46350637203419,
1,1.85,-0.240683846525748,-1.20950964218342,
1,1.855,-0.302543931059439,-1.14601424461567,
1,1.86,2.48115415091078,-1.20950964218342,
1,1.865,6.27523107046644,-1.40001097446644,
1,1.87,11.388987250276,-1.27300503975117,
1,1.875,13.9664847325758,-1.59051230674946,
1,1.88,23.8228365849928,-2.47952357059681,
1,1.885,31.885252661653,-3.81300261741841,
1,1.89,39.2878291081862,-4.63851848369801,
1,1.895,45.4944445561842,-4.57500794655049,
1,1.9,51.2061793279127,-4.1305098844167,
1,1.905,57.7427126836256,-4.25751581913197,
1,1.91,61.9698092412428,-4.89250007396901,
1,1.915,62.9801928471998,-5.27351787811482,
1,1.92,63.3719698857741,-4.95601061111653,
1,1.925,63.5781695317702,-4.57500794655049,
1,1.93,64.1761462163405,-4.38451418405734,
1,1.935,67.2691485356764,-4.82900467640127,
1,1.94,67.1866671513991,-5.46401164060795,
1,1.945,67.6609255742506,-5.4005162430402,
1,1.95,67.4341036748366,-4.82900467640126,
1,1.955,66.7742678594069,-4.57501551634038,
1,1.96,63.7225100469069,-4.82901224619114,
1,1.965,63.392592139192,-5.46400407081807,
1,1.97,63.2070071172194,-5.52751460796559,
1,1.975,64.2792498540358,-4.95601061111653,
1,1.98,63.5575472783522,-4.57500794655049,
1,1.985,64.0524279546217,-4.89251521354879,
1,1.99,65.8669878911452,-5.1465081585046,
1,1.995,64.3204867314772,-5.33701327568257,
1,2.0,64.3617312383131,-5.01950979357922,
1,2.005,64.4029681157545,-4.82901224619114,
1,2.01,64.691649146028,-4.89250764375889,
1,2.015,67.7021700810866,-4.95601061111653,
1,2.02,68.2795245122389,-5.08301276093686,
1,2.025,68.5475832890944,-5.52751082307065,
1,2.03,68.485724158235,-5.78151133781636,
1,2.035,68.3001467656569,-6.22601034617388,
1,2.04,64.9803301763014,-6.41651073223317,
1,2.045,65.454588599153,-6.79751079468393,
1,2.05,65.1659075688795,-6.73401113910937,
1,2.055,65.5164477300123,-6.60701111829245,
1,2.06,65.7638918828444,-6.73401042944157,
1,2.065,65.454588599153,-6.98801094418728,
1,2.07,65.7020251225905,-7.05151201909745,
1,2.075,65.3514849614577,-6.86100879436696,
1,2.08,69.1249453496413,-6.67051124697887,
1,2.085,68.9187457036452,-6.73401042944158,
1,2.09,68.7950274419264,-6.98801472908223,
1,2.095,69.7435442876295,-7.11500552421773,
1,2.1,65.9288470220045,-6.86101636415684,
1,2.105,66.6505495976881,-6.67050746208394,
1,2.11,66.0113284062819,-6.86100879436696,
1,2.115,66.3412463139967,-6.98801472908223,
1,2.12,66.5680682134108,-6.98800715929233,
1,2.125,66.9392306279616,-6.79751339679922,
1,2.13,64.4648272466139,-6.98800715929234,
1,2.135,67.3103854131178,-6.92451933151448,
1,2.14,70.3827654790358,-6.86100879436696,
1,2.145,70.6095873784498,-6.79751339679921,
1,2.15,70.2178027104811,-6.86100879436696,
1,2.155,70.4652468633131,-6.86100879436696,
1,2.16,67.8465105962233,-6.92450419193471,
1,2.165,67.3516299199538,-6.92451933151448,
1,2.17,67.6196886968092,-7.05151012664998,
1,2.175,65.0009524297194,-5.46400407081807,
1,2.18,59.3923098515944,-0.955512912332654,
1,2.185,36.8134295415358,4.18799278014934,
1,2.19,12.7499072026686,6.53748902553356,
1,2.195,-2.63260250573595,6.34698769325054,
1,2.2,-19.5616105127855,6.02948042625225,
1,2.205,-35.6451981592699,7.36298975223339,
1,2.21,-49.0894291925951,9.01399120563304,
1,2.215,-63.0285389948412,9.01399120563304,
1,2.22,-64.9668171930834,7.93449374908243,
1,2.225,-69.7918942499681,7.42648514980115,
1,2.23,-70.7404149103685,8.06149211400784,
1,2.235,-71.9363720942064,9.14098200076853,
1,2.24,-72.3487713861986,9.14098957055843,
1,2.245,-71.6064541864916,8.50599017614162,
1,2.25,-71.9157536554857,8.18849047893321,
1,2.255,-68.3484967279955,8.82348987335002,
1,2.26,-67.956715874724,9.58548763269222,
1,2.265,-66.8844769526048,9.52199223512447,
1,2.27,-66.6576550531908,9.07748660320079,
1,2.275,-69.3382542658373,8.69648961597717,
1,2.28,-68.3691151667162,8.95049013072288,
1,2.285,-68.8639958429857,9.26798888170755,
1,2.29,-69.7300351191087,9.33148901039398,
1,2.295,-69.5032132196947,8.88698905581272,
1,2.3,-69.8125126886888,8.56948935860431,
1,2.305,-59.8324406672045,9.01398836696184,
1,2.31,-67.0288174677416,9.14098957055843,
1,2.315,-68.1216748285814,9.07749038809574,
1,2.32,-68.4928372431322,8.88698905581272,
1,2.325,-67.8948567438646,7.74398863190449,
1,2.33,-65.1523984003587,4.63248705738819,
1,2.335,-60.3685620356127,0.631989358604305,
1,2.34,-40.1609757471605,-1.78100985413755,
1,2.345,-20.9019091654344,-2.03501036888324,
1,2.35,-8.797978155665,-1.40001097446646,
1,2.355,0.522255606599252,-1.90801200395786,
1,2.36,10.2136485051588,-3.43201130753719,
1,2.365,16.0697237920241,-4.13050988441671,
1,2.37,20.1937205266432,-3.49551048999989,
1,2.375,19.0390021275953,-2.47951221591198,
1,2.38,20.9772803258375,-2.47950843101704,
1,2.385,23.2454783391432,-3.55900967246258,
1,2.39,34.937010474153,-4.32101310914719,
1,2.395,40.6281268071608,-3.94001044458115,
1,2.4,47.6389224004225,-2.92401027804577,
1,2.405,53.5774752568678,-2.73351083821023,
1,2.41,59.8047091435866,-3.68601182228291,
1,2.415,64.7535082768873,-4.44801052784884,
1,2.42,65.8876101445631,-4.00351057326758,
1,2.425,65.5783068608717,-3.17801126590335,
1,2.43,63.3307330083327,-3.17801067451352,
1,2.435,62.629652686067,-3.81301077859813,
1,2.44,63.1039111089186,-4.19401095932686,
1,2.445,63.8256060552077,-3.81301113343203,
1,2.45,63.8256060552077,-3.36851023262703,
1,2.455,64.5060717534498,-3.36851212507451,
1,2.46,64.6504122685866,-3.62251074737275,
1,2.465,64.3823458623366,-3.87650936967099,
1,2.47,67.6196886968092,-4.00351151949132,
1,2.475,64.7328860234694,-3.05101053541863,
1,2.48,61.4130694341139,-0.574510247766614,
1,2.485,50.5463396977858,2.02898840481079,
1,2.49,33.8029124211744,3.23548990362918,
1,2.495,16.8532835912184,3.04498857134616,
1,2.5,8.33722943777601,2.85448913151062,
1,2.505,1.92441434378187,3.55298960083759,
1,2.51,-2.90066223626574,4.69598813229835,
1,2.515,-6.9834194708391,4.9499895932678,
1,2.52,-10.6125368404909,3.99748908230698,
1,2.525,-15.5819533396288,3.48948899903929,
1,2.53,-21.520509057097,4.06098921099341,
1,2.535,-28.9024632502123,4.8864889914695,
1,2.54,-37.8102982569261,4.82298933589494,
1,2.545,-46.8830922174974,4.31498925262725,
1,2.55,-53.6670659113451,3.93398848050869,
1,2.555,-61.0077794123216,4.06098873788154,
1,2.56,-63.3584607172533,4.75948920720851,
1,2.565,-64.5337994623705,5.14048997932708,
1,2.57,-64.7399991083666,4.5054886924628,
1,2.575,-64.8430989313646,4.06099063032901,
1,2.58,-65.0699170160814,4.31498736017978,
1,2.585,-65.1523984003587,4.63249084228313,
1,2.59,-67.7092755365892,4.82298838967121,
1,2.595,-68.4309742975755,4.63248705738819,
1,2.6,-68.9052365351244,4.31499114507472,
1,2.605,-68.8433735895677,4.37848654264247,
1,2.61,-68.6784146357103,4.88649514192378,
1,2.615,-68.4515965509935,4.94998296970165,
1,2.62,-68.3278744745775,4.50549247735774,
1,2.625,-67.9979565668627,4.44198951000011,
1,2.63,-67.8742344904466,4.1244898127917,
1,2.635,-67.6680348444505,3.8069901155833,
1,2.64,-67.5030758905931,3.8069901155833,
1,2.645,-68.2660153437181,3.74348714822565,
1,2.65,-67.6474164057298,3.36248448365964,
1,2.655,-67.9360974360033,3.17199072116649,
1,2.66,-67.2556355524584,3.55299338573253,
1,2.665,-64.6987584162279,3.80699011558331,
1,2.67,-64.904958062224,3.48948284858501,
1,2.675,-64.8224766779466,3.04499235624108,
1,2.68,-65.7503788996263,3.29898908609189,
1,2.685,-64.7193768549486,3.74349471801555,
1,2.69,-64.4306996393724,3.67998418086803,
1,2.695,-64.6781399775072,3.10849532359874,
1,2.7,-65.1523984003587,3.04498478645122,
1,2.705,-68.5340741205736,3.67998418086803,
1,2.71,-68.2041562128587,3.74349471801555,
1,2.715,-68.4515965509935,3.29898151630199,
1,2.72,-68.5546963739916,3.10849532359874,
1,2.725,-68.3691151667162,3.42598745101726,
1,2.73,-68.4309742975755,3.67998418086803,
1,2.735,-68.3072560358568,3.42598745101726,
1,2.74,-68.4515965509935,3.10849532359874,
1,2.745,-68.719655327849,3.42598745101726,
1,2.75,-68.4722149897142,3.67998418086803,
1,2.755,-68.4309742975755,3.42600259059703,
1,2.76,-68.4309742975755,3.23548611873424,
1,2.765,-68.5340741205736,3.36249205344951,
1,2.77,-67.1731579828783,3.48948284858501,
1,2.775,-66.3689778376146,2.98148938888347,
1,2.78,-63.7296193171068,1.26699253791606,
1,2.785,-56.5538647699877,-0.447519452631116,
1,2.79,-45.1097729731127,-1.52700176960194,
1,2.795,-34.3461392450853,-1.46352151161397,
1,2.8,-29.1292832422777,-1.1459991050359,
1,2.805,-27.5827839899584,-1.33651557689869,
1,2.81,-25.995045952849,-2.098505766451,
1,2.815,-22.4071686792894,-2.47952357059681,
1,2.82,-21.2524493265673,-2.098505766451,
1,2.825,-16.9222524691149,-1.65400770431721,
1,2.83,-12.6539154577776,-1.78101363903248,
1,2.835,-7.91131883149584,-2.41601303344929,
1,2.84,-1.70470314507921,-2.54300382858479,
1,2.845,0.439775175996225,-2.22551170116627,
1,2.85,3.30595273489515,-1.78101363903248,
1,2.855,6.17213124746839,-1.9715149713155,
1,2.86,9.43008870596449,-2.47950843101704,
1,2.865,9.7806288670973,-2.73350516086781,
1,2.87,11.6570479344801,-2.28902223831379,
1,2.875,11.9044863652662,-1.78099849945271,
1,2.88,14.2551657628493,-1.90801957374775,
1,2.885,17.2863032292799,-2.41601303344929,
1,2.89,21.6371199559645,-2.54300382858479,
1,2.895,26.647776312776,-2.35251763588154,
1,2.9,32.1326929997877,-1.90800443416798,
1,2.905,37.1433474492506,-1.9715149713155,
1,2.91,41.040526099153,-2.41601303344929,
1,2.915,44.6284052800612,-2.47950843101704,
1,2.92,48.0513216924147,-2.47950843101704,
1,2.925,52.8145358037428,-2.60651436573231,
1,2.93,59.4541766118483,-3.87650558477603,
1,2.935,68.0939471196608,-5.78151133781637,
1,2.94,68.8156496953444,-7.17850849157536,
1,2.945,69.4548632573561,-7.43251279121603,
1,2.95,69.9291216802077,-7.05151012664996,
1,2.955,66.3618685674147,-6.86100879436696,
1,2.96,65.8669878911452,-7.49601575857365,
1,2.965,66.1144244145827,-8.32150891548359,
1,2.97,65.5164477300123,-8.25801351791585,
1,2.975,65.6401659917311,-7.55950737124645,
1,2.98,65.3308703374342,-7.36901360875334,
1,2.985,65.2483889531569,-7.8770108533498,
1,2.99,68.6919238042311,-8.38500809794629,
1,2.995,69.2280489873366,-8.25801162546837,
1,3.0,65.9907061528639,-7.68651141351426,
1,3.005,69.4754855107741,-7.43251089876854,
1,3.01,66.0938097905592,-7.5595111561414,
1,3.015,66.3206316899733,-7.9405107454803,
1,3.02,66.2793871831373,-8.19451078711414,
1,3.025,66.5886904668288,-8.00401016449893,
1,3.03,67.0010897588209,-7.81351167088711,
1,3.035,66.217528052278,-7.81351167088712,
1,3.04,66.9186083745436,-8.13101136809552,
1,3.045,69.0012270879225,-8.32150891548359,
1,3.05,69.269285864778,-8.00401300317013,
1,3.055,69.6198260259108,-7.49600818878377,
1,3.06,66.444349951692,-7.49600818878377,
1,3.065,68.2176653813795,-7.87701085334981,
1,3.07,66.2381503056959,-8.38501188284123,
1,3.075,66.0525652837233,-8.00401678806508,
1,3.08,65.7020251225905,-6.22600939995016,
1,3.085,65.1040484380202,-4.25750824934208,
1,3.09,65.4958254765944,-4.0035115194913,
1,3.095,64.6504122685866,-4.4480095816251,
1,3.1,64.5266863774733,-4.51151254898275,
1,3.105,64.7947527837233,-3.74950721985063,
1,3.11,64.691649146028,-3.05101242786612,
1,3.115,65.2896258305983,-2.98751703029835,
1,3.12,65.8463656377272,-3.62250128513539,
1,3.125,69.6198260259108,-4.1305098844167,
1,3.13,70.032225317903,-3.74952235943043,
1,3.135,72.4653841924147,-2.92400649315083,
1,3.14,69.5167223882155,-2.79701569801533,
1,3.145,69.0218493413405,-3.43199995285237,
1,3.15,69.6198260259108,-4.06701448684895,
1,3.155,69.7435442876295,-3.62251642471516,
1,3.16,69.2899081181959,-2.98750189071858,
1,3.165,66.5268313359694,-3.17801836258137,
1,3.17,70.6095873784498,-3.68601182228291,
1,3.175,66.8773638677077,-3.62250128513539,
1,3.18,66.6917864751295,-3.24151376014912,
1,3.185,67.5578295659498,-3.0510124278661,
1,3.19,67.3310076665358,-3.30500915771687,
1,3.195,67.7846438359694,-3.62251642471516,
1,3.2,67.4547259282545,-3.43201509243214,
1,3.205,68.4032427739577,-3.36850455528462,
1,3.21,67.8877474736647,-3.30500915771687,
1,3.215,71.8055407475905,-3.36850455528459,
1,3.22,73.2283236455397,-3.49552562957969,
1,3.225,70.3827654790358,-2.28900709873402,
1,3.23,44.4428240727858,1.77498599761763,
1,3.235,18.5441214513258,6.41049823039803,
1,3.24,3.22347325796644,9.07748660320079,
1,3.245,-10.6950167942568,9.33148333305156,
1,3.25,-29.6241639185472,8.37899181121623,
1,3.255,-49.2131474543138,8.69649907821453,
1,3.26,-62.616139702849,10.3474853920344,
1,3.265,-68.2453969049974,11.426982848585,
1,3.27,-67.3587353754564,10.601497261465,
1,3.275,-71.9776127863451,9.45848169797693,
1,3.28,-72.637452416472,9.5854952024821,
1,3.285,-73.0704739618822,10.9189893888835,
1,3.29,-72.2250531244798,11.617484180868,
1,3.295,-72.0807126093431,11.1094907211665,
1,3.3,-69.1732953119798,10.410988359392,
1,3.305,-68.3691151667162,10.6649888741378,
1,3.31,-67.4412167597337,11.3634912359122,
1,3.315,-69.3588765192552,11.6809871482257,
1,3.32,-69.5444539118334,11.2364890860919,
1,3.325,-69.8125126886888,10.6649898203615,
1,3.33,-69.4619763422533,10.7919891315106,
1,3.335,-71.8332722712084,11.2999892147783,
1,3.34,-66.2864964533373,11.3634893434647,
1,3.345,-66.3689778376146,10.9189893888835,
1,3.35,-66.7195179987474,10.6014877992276,
1,3.355,-68.6371739435716,10.8554902064208,
1,3.36,-67.9979565668627,11.4269904183749,
1,3.365,-67.296876244597,11.42698663348,
1,3.37,-62.9048207331224,10.7919910239581,
1,3.375,-64.3482182550951,9.14098957055843,
1,3.38,-62.1418812799974,5.01348593705928,
1,3.385,-53.8526471186205,-0.384008915483594,
1,3.39,-22.7370884943529,-3.81301018720829,
1,3.395,-5.23072081094225,-4.00351151949132,
1,3.4,8.95582837576429,-3.49551048999989,
1,3.405,30.6686732243971,-4.25750824934208,
1,3.41,44.1541430425123,-6.03551563745701,
1,3.415,49.4534785222487,-6.79750582700932,
1,3.42,52.9382578801588,-5.97201267009938,
1,3.425,56.4642779302077,-4.76551306372846,
1,3.43,58.6912371587233,-4.95601061111653,
1,3.435,62.382208533235,-6.03551185256206,
1,3.44,65.1246706914381,-6.86100879436696,
1,3.445,70.3621432256178,-6.54351288205349,
1,3.45,58.8355700444655,-5.65450918799603,
1,3.455,69.8878848027663,-5.65451108044351,
1,3.46,69.5167223882155,-6.35301060354674,
1,3.465,68.7537829350905,-6.98801094418728,
1,3.47,65.681410498567,-6.54351075305009,
1,3.475,65.8463656377272,-6.09901079846883,
1,3.48,65.3102480840163,-6.41651120534504,
1,3.485,66.1762911748366,-6.98800999796355,
1,3.49,65.0421893071608,-6.92451176172459,
1,3.495,65.454588599153,-6.4165088397857,
1,3.5,65.6401659917311,-6.09901103502476,
1,3.505,65.7020251225905,-6.22601318484509,
1,3.51,69.6610629033522,-6.54350909715854,
1,3.515,67.2279040288405,-6.35301154977048,
1,3.52,66.7124087285475,-6.22600939995014,
1,3.525,65.4752108525709,-5.21001491075719,
1,3.53,63.8874728154616,-2.54301139837468,
1,3.535,59.3098360967116,1.0129958080653,
1,3.54,40.5868861150221,3.17198315137661,
1,3.545,19.3070609044508,3.17199072116649,
1,3.55,6.3164708089308,2.66398969167506,
1,3.555,-2.2820628214403,3.42598745101726,
1,3.56,-9.39595774596174,4.88649135702885,
1,3.565,-14.3035142946764,5.2039872693423,
1,3.57,-19.5822308588548,4.44198951000011,
1,3.575,-21.4792693186327,3.61648878330028,
1,3.58,-26.0569050837084,3.99749144786632,
1,3.585,-31.335622124724,4.88648757213389,
1,3.59,-42.0580151606127,5.33098941916264,
1,3.595,-50.6153080988451,4.88648946458137,
1,3.6,-59.6262410212084,3.93398848050869,
1,3.605,-66.8432362604662,4.25149007016456,
1,3.61,-69.6269352961107,5.20398916178978,
1,3.615,-68.1422970819994,5.26748905392027,
1,3.62,-70.9878552485033,4.88648922802544,
1,3.625,-68.5134556818529,4.31498925262725,
1,3.63,-69.2970135736986,4.44198903688824,
1,3.635,-69.1732953119798,5.2674892904762,
1,3.64,-69.482594780974,5.52148980522191,
1,3.645,-68.5134556818529,4.8229883896712,
1,3.65,-65.8122380304857,4.44198951000011,
1,3.655,-66.7401364374681,4.69598813229835,
1,3.66,-67.5236943293138,5.01348972195423,
1,3.665,-66.9050953913255,5.33098941916263,
1,3.67,-66.0184376764818,5.07698890441692,
1,3.675,-65.8740971613451,4.25148817771709,
1,3.68,-65.1317761469408,3.67999175065792,
1,3.685,-67.2143948603197,3.17198693627155,
1,3.69,-66.6576550531908,2.66398969167507,
1,3.695,-66.5957959223314,2.34648999446666,
1,3.7,-66.3895962763353,2.53699132674968,
1,3.705,-66.3895962763353,2.47348835939205,
1,3.71,-67.0081952143236,2.15598866218364,
1,3.715,-67.0081952143236,1.90198436254299,
1,3.72,-67.5236943293138,1.83848896497524,
1,3.725,-68.0185750055834,1.96549489969051,
1,3.73,-68.3278744745775,2.02899029725826,
1,3.735,-68.4515965509935,2.40998539203441,
1,3.74,-75.5036328363939,2.4099929618243,
1,3.745,-67.5649350214525,2.09248569482601,
1,3.75,-68.1216748285814,1.58449223512447,
1,3.755,-68.1835339594408,1.83848896497524,
1,3.76,-68.0185750055834,2.15598866218364,
1,3.765,-68.1835339594408,2.34648999446666,
1,3.77,-68.0804341364427,2.28298702710903,
1,3.775,-68.0391972590013,1.96548732990062,
1,3.78,-68.0185750055834,1.83848896497524,
1,3.785,-68.3278744745775,1.96548732990064,
1,3.79,-68.4309742975755,2.21949162954126,
1,3.795,-68.3691151667162,2.02899029725826,
1,3.8,-68.4515965509935,1.83848896497525,
1,3.805,-68.3484967279955,2.15598866218361,
1,3.81,-68.1835339594408,2.28298702710906,
1,3.815,-79.277085595183,2.15598866218361,
1,3.82,-65.3585980463548,1.83848896497525,
1,3.825,-65.3585980463548,1.90199193233289,
1,3.83,-66.4720776606127,2.60048672431742,
1,3.835,-66.5545552301927,3.42598745101725,
1,3.84,-66.3277371454759,3.93399605029859,
1,3.845,-65.770997338347,3.42598745101726,
1,3.85,-66.1833966303392,2.91799399131572,
1,3.855,-67.3174946833177,3.29898151630199,
1,3.86,-69.1320546198412,4.44198951000011,
1,3.865,-68.4722149897142,4.63249084228313,
1,3.87,-68.3072560358568,3.61648878330028,
1,3.875,-68.2041562128587,3.04498478645122,
1,3.88,-67.8536160517259,3.6799993204478,
1,3.885,-67.9154751825853,4.37847897285259,
1,3.89,-67.6886570978685,4.06098684543407,
1,3.895,-63.9152005243822,3.36249205344951,
1,3.9,-68.7608960199877,3.36249205344951,
1,3.905,-68.7815144587084,3.87048551315105,
1,3.91,-68.6371739435716,4.06098684543407,
1,3.915,-68.822755150847,4.06100198501384,
1,3.92,-68.9258549738451,3.74347957843578,
1,3.925,-69.0908139277025,3.48949798816478,
1,3.93,-69.1526730585619,3.42598745101726,
1,3.935,-66.2658780146166,3.99749144786632,
1,3.94,-65.7503788996263,4.37847897285259,
1,3.945,-65.7916157770677,3.8069901155833,
1,3.95,-66.0390561152025,3.48949798816478,
1,3.955,-65.8740971613451,3.74347957843578,
1,3.96,-68.1835339594408,4.12449738258156,
1,3.965,-68.4309742975755,3.87048551315105,
1,3.97,-66.9463360834642,3.61648878330031,
1,3.975,-62.719239525847,2.53699132674971,
1,3.98,-45.1922505426927,-1.01900830990043,
1,3.985,-20.3864100504442,-5.40052381283009,
1,3.99,-8.28247850423296,-7.87701085334981,
1,3.995,10.5023276280836,-8.06749704605305,
1,4.0,27.5756747197584,-7.49602332836354,
1,4.005,44.3397242497877,-8.13100758320057,
1,4.01,53.0413577031569,-9.33751097446644,
1,4.015,62.4853121709303,-9.97251036888325,
1,4.02,66.6505495976881,-9.46450176960194,
1,4.025,67.0835711430983,-8.70251158004963,
1,4.03,67.0835711430983,-8.63901618248189,
1,4.035,68.1764285039381,-9.46451690918171,
1,4.04,71.2900454472975,-10.1630041313764,
1,4.045,71.7024447392897,-9.90901497131549,
1,4.05,70.4240023564772,-9.46450933939184,
1,4.055,67.207289404817,-9.52801230674946,
1,4.06,69.0837084721998,-10.1630117011663,
1,4.065,66.6093050908522,-10.5440067959424,
1,4.07,66.8773638677077,-10.226510883629,
1,4.075,66.0319506596998,-9.59151148921215,
1,4.08,69.4548632573561,-9.59151148921216,
1,4.085,69.496107764192,-10.0995087338086,
1,4.09,69.8054034184889,-10.2900119585391,
1,4.095,67.4341036748366,-9.90901118642056,
1,4.1,67.2897707890944,-9.59151054298842,
1,4.105,67.2279040288405,-9.71851080036128,
1,4.11,67.1660448979811,-9.97251036888325,
1,4.115,67.3103854131178,-10.0995106262561,
1,4.12,66.8773638677077,-10.0995125187036,
1,4.125,64.9390856694655,-9.14700964218342,
1,4.13,64.5679308843092,-6.92451176172459,
1,4.135,66.444349951692,-4.4480095816251,
1,4.14,63.0626666020827,-2.98751324540341,
1,4.145,59.3923098515944,-3.05100864297116,
1,4.15,56.4642779302077,-3.36851212507451,
1,4.155,56.5879961919264,-2.79700812822545,
1,4.16,59.0211550664381,-1.78101363903248,
1,4.165,63.6194064092116,-1.46350637203419,
1,4.17,65.1246706914381,-1.9715149713155,
1,4.175,65.3927294682936,-2.54301139837468,
1,4.18,66.2793871831373,-2.35251006609166,
1,4.185,66.7330309819655,-1.84450903660023,
1,4.19,66.3618685674147,-1.40001097446644,
1,4.195,66.7536456059889,-1.78101363903248,
1,4.2,63.7843691777662,-2.16200873380864,
1,4.205,63.165770239778,-2.16200873380864,
1,4.21,63.2688738774733,-1.78101363903248,
1,4.215,63.3513476323561,-1.65400770431721,
1,4.22,63.9493319463209,-1.71751067167485,
1,4.225,64.4235903691725,-1.9715149713155,
1,4.23,64.3617312383131,-1.97150740152562,
1,4.235,64.1967684697584,-1.78101363903248,
1,4.24,64.5060717534498,-1.65400770431721,
1,4.245,64.1967684697584,-1.84451660639012,
1,4.25,64.8772265386061,-1.90801200395787,
1,4.255,64.7947527837233,-2.098505766451,
1,4.26,64.5266863774733,-1.97151497131552,
1,4.265,67.9083697270827,-1.65400770431721,
1,4.27,68.0527102422194,-1.46351394182406,
1,4.275,52.3608996343092,-0.574510247766614,
1,4.28,30.0088335942702,2.72749265903269,
1,4.285,12.4612261723952,7.29948678487578,
1,4.29,-2.5913627672716,9.90298732990061,
1,4.295,-18.468751244597,10.0934886621836,
1,4.3,-36.3256581354662,9.2679955052737,
1,4.305,-53.460866265349,9.7124859976176,
1,4.31,-65.7297566462084,11.1729899036292,
1,4.315,-71.8951314020677,11.9349876629714,
1,4.32,-71.1940548944994,11.2364890860919,
1,4.325,-70.9672329950853,10.3474891769294,
1,4.33,-72.2250531244798,10.5379895629886,
1,4.335,-71.7301724482103,11.6174894146681,
1,4.34,-69.2557766962572,12.3794890073187,
1,4.345,-67.4618351984545,11.9349895554188,
1,4.35,-67.1731579828783,11.1729880111817,
1,4.355,-69.8743756342455,11.3634912359122,
1,4.36,-69.8743756342455,12.2524873601798,
1,4.365,-69.0908139277025,12.5064916598204,
1,4.37,-69.5032132196947,11.9349838780764,
1,4.375,-68.719655327849,11.2999920534495,
1,4.38,-66.7813771296068,11.4269904183749,
1,4.385,-66.1627781916185,11.9349914478663,
1,4.39,-68.9258549738451,12.2524835752848,
1,4.395,-68.8433735895677,11.807985513151,
1,4.4,-68.9670956659837,11.4269979881648,
1,4.405,-69.0495732355638,11.5539887833003,
1,4.41,-69.0289547968431,11.9349914478663,
1,4.415,-67.5649350214525,12.1889881777171,
1,4.42,-67.9979565668627,11.9349914478663,
1,4.425,-67.2143948603197,10.2839899944667,
1,4.43,-65.1317761469408,5.96598502868447,
1,4.435,-59.3169415522142,1.07649120563304,
1,4.44,-37.7896779108568,-1.59051230674943,
1,4.445,-17.5820916224047,-1.78101363903248,
1,4.45,-4.85956078057726,-1.40001097446644,
1,4.455,6.15151090139906,-2.2255117011663,
1,4.46,15.5748450231032,-3.74950721985066,
1,4.465,21.1216208409743,-4.32101121669966,
1,4.47,23.5547778081373,-3.55902102714744,
1,4.475,24.3383395146803,-2.54300382858479,
1,4.48,26.0291773747877,-2.86051109558308,
1,4.485,30.0500742864088,-4.06701448684895,
1,4.49,37.8856684636549,-4.76550927883351,
1,4.495,47.0615603398756,-3.94000855213368,
1,4.5,53.7630564641432,-3.0510124278661,
1,4.505,60.6501299809889,-3.24151376014912,
1,4.51,63.2276293706373,-4.44800201183522,
1,4.515,63.0626666020827,-4.82901981598103,
1,4.52,62.6502673100905,-3.94000855213368,
1,4.525,63.1245333623366,-3.24151376014912,
1,4.53,63.165770239778,-3.62250128513539,
1,4.535,63.2894885014967,-4.44801715141499,
1,4.54,63.0214297246412,-4.63850334411824,
1,4.545,63.9493319463209,-4.19402042156422,
1,4.55,63.6194064092116,-3.49551048999989,
1,4.555,63.7637469243483,-3.49551048999989,
1,4.56,64.5885455083327,-4.19400528198445,
1,4.565,64.5266863774733,-4.63851091390814,
1,4.57,63.7843691777662,-4.25751581913196,
1,4.575,63.3307330083327,-3.43200752264227,
1,4.58,62.5471713017897,-2.16200873380864,
1,4.585,60.6913744878248,-1.01901587969029,
1,4.59,57.5571352910475,-0.38400891548358,
1,4.595,51.5567194890455,-0.320513517915845,
1,4.6,46.6285426091627,-0.193507583200574,
1,4.605,44.5665423345045,0.18748751157558,
1,4.61,45.0201823186354,0.441491811216235,
1,4.615,45.2057635259108,0.3779888438586,
1,4.62,44.4015833806471,0.18748751157558,
1,4.625,42.8550860356764,0.187487511575565,
1,4.63,40.4837862920241,0.441491811216235,
1,4.635,37.988768286653,0.56849017614162,
1,4.64,36.1742083501295,0.441484241426363,
1,4.645,35.7824313115553,0.314493446290851,
1,4.65,34.5246111821608,0.3779888438586,
1,4.655,34.2565524053053,0.504987208783984,
1,4.66,33.7822901677565,0.631993143499255,
1,4.665,33.7204310368971,0.56849017614162,
1,4.67,33.411131567903,0.3779888438586,
1,4.675,32.8750101994948,0.441484241426349,
1,4.68,32.7306734990553,0.56849017614162,
1,4.685,32.8750101994948,0.56849017614162,
1,4.69,32.9781100224928,0.504987208783998,
1,4.695,31.8440119695143,0.441491811216207,
1,4.7,31.5347125005202,0.504987208783998,
1,4.705,30.0706927251295,0.56849017614162,
1,4.71,28.3179957341627,0.631985573709383,
1,4.715,26.9158350896315,0.631993143499241,
1,4.72,25.9673182439284,0.504987208783984,
1,4.725,26.2972361516432,0.3779888438586,
1,4.73,27.2869975041823,-0.0665092182751753,
1,4.735,28.2561366033034,-0.701508612692013,
1,4.74,29.3902346562819,-1.27301260954106,
1,4.745,31.7615343999342,-1.52700933939183,
1,4.75,35.5349909734205,-1.33651557689869,
1,4.755,41.040526099153,-1.0190083099004,
1,4.76,47.7213999700026,-1.14601424461567,
1,4.765,53.2269389104323,-1.52700933939184,
1,4.77,57.9695345830397,-1.59051230674945,
1,4.775,63.6812731694655,-1.33650800710881,
1,4.78,65.2690112065748,-1.20950964218344,
1,4.785,66.959845251985,-1.40001097446643,
1,4.79,68.8775088262038,-1.59051230674946,
1,4.795,65.1246706914381,-1.65400770431721,
1,4.8,65.7845065068678,-1.40001097446644,
1,4.805,71.4343859624342,-1.20950964218342,
1,4.81,66.6711642217116,-1.40001097446644,
1,4.815,66.8979861211256,-1.6540152741071,
1,4.82,65.9494692754225,-1.71751067167485,
1,4.825,65.7845065068678,-1.59051230674946,
1,4.83,65.4133517217116,-1.40001097446644,
1,4.835,65.6195513677077,-1.52700933939183,
1,4.84,64.4029681157545,-1.84450903660023,
1,4.845,64.6091677617506,-1.90801200395787,
1,4.85,64.8566119145827,-1.65400770431721,
1,4.855,65.4958254765944,-1.33651557689869,
1,4.86,62.9183337163405,-1.40001097446644,
1,4.865,64.7741305303053,-1.65400770431721,
1,4.87,65.1659075688795,-1.71751067167485,
1,4.875,65.7020251225905,-2.22551170116627,
1,4.88,57.9076754521803,-4.06701448684895,
1,4.885,67.743406958528,-6.73401042944157,
1,4.89,68.0527102422194,-7.81350788599217,
1,4.895,67.9908434819655,-7.75001248842442,
1,4.9,69.8672625493483,-7.9405100358125,
1,4.905,69.3311449956373,-8.9565083099004,
1,4.91,69.2899081181959,-9.59151148921216,
1,4.915,68.3001467656569,-9.27401179200375,
1,4.92,67.5990664433913,-8.63901097825134,
1,4.925,65.4958254765944,-8.76601076251233,
1,4.93,66.2587649297194,-9.02001080414617,
1,4.935,66.5680682134108,-9.27400989955628,
1,4.94,66.8567492436842,-9.0835123521682,
1,4.945,67.5784441899733,-9.02000938481057,
1,4.95,70.2384249638991,-9.33751097446645,
1,4.955,70.6302020024733,-9.33751097446644,
1,4.96,70.5477282475905,-9.14700964218342,
1,4.965,67.8258883428053,-8.89301291233265,
1,4.97,67.5578295659498,-8.89301291233265,
1,4.975,67.1660448979811,-9.33751097446644,
1,4.98,67.0835711430983,-9.46450933939181,
1,4.985,67.3516299199538,-9.40100637203421,
1,4.99,67.2485262822584,-9.08351424461567,
1,4.995,70.8570239018873,-9.08351424461567,
1,5.0,75.2696978520827,-9.33751097446644,
1,5.005,71.1044680547194,-9.33751097446644,
1,5.01,67.6609255742506,-9.08351424461567,
1,5.015,68.2176653813795,-8.63900104290211,
1,5.02,81.9505755376295,-8.76600697761738,
1,5.025,67.72278470511,-7.81351545578206,
1,5.03,63.1039111089186,-3.30500915771687,
1,5.035,49.7627779912428,2.34648999446666,
1,5.04,19.678221411653,6.53748902553356,
1,5.045,2.85231370443861,7.48998054736888,
1,5.05,-13.2518950033708,6.02949556583202,
1,5.055,-34.6141999292894,5.83897909396923,
1,5.06,-51.4194882441088,7.68049701923168,
1,5.065,-59.667481713347,9.64899060004985,
1,5.07,-65.2348759699388,9.20449253791606,
1,5.075,-65.4410794306322,7.42648514980113,
1,5.08,-70.6991742182298,6.98198708766735,
1,5.085,-71.0497143793627,8.25199344629085,
1,5.09,-72.1013310480638,9.7124859976176,
1,5.095,-72.1013310480638,9.45848926776683,
1,5.1,-72.1631939936205,8.12498751157558,
1,5.105,-71.6270726252123,7.87099078172481,
1,5.11,-69.2557766962572,8.82348987335002,
1,5.115,-67.5649350214525,10.0299894797209,
1,5.12,-67.3587353754564,9.77598896497524,
1,5.125,-65.2761166620775,8.632988541067,
1,5.13,-69.1526730585619,8.18848669403827,
1,5.135,-68.8639958429857,8.88699094826019,
1,5.14,-63.4203198481127,9.71248883628881,
1,5.145,-69.0908139277025,9.39498961219227,
1,5.15,-69.6269352961107,8.50598899336195,
1,5.155,-70.4517338800951,8.18848929615354,
1,5.16,-68.3484967279955,8.82348987335002,
1,5.165,-69.3794949579759,9.45848737531936,
1,5.17,-63.8533375788256,9.45848926776683,
1,5.175,-65.1523984003587,8.37898802632129,
1,5.18,-67.0494359064623,6.72799035781658,
1,5.185,-66.6782773066087,5.58498993390834,
1,5.19,-66.5751774836107,5.20399105423725,
1,5.195,-65.2142575312181,5.33098563426769,
1,5.2,-64.7606175470873,5.07698890441692,
1,5.205,-65.2142575312181,4.37849411243236,
1,5.21,-69.6887944269701,3.74348714822567,
1,5.215,-67.8329976130052,4.1244898127917,
1,5.22,-68.3072560358568,4.37848654264247,
1,5.225,-68.5134556818529,4.18799278014934,
1,5.23,-68.7402737665697,3.99748387807643,
1,5.235,-68.822755150847,4.18799278014935,
1,5.24,-68.5546963739916,4.06098684543404,
1,5.245,-66.2452557611986,4.2514881777171,
1,5.25,-63.9770596552416,4.50549247735776,
1,5.255,-63.4409382868334,4.25148817771707,
1,5.26,-63.8945782709642,3.93398848050869,
1,5.265,-63.6265194941088,3.99749144786632,
1,5.27,-63.6883786249681,4.25148817771709,
1,5.275,-63.9152005243822,4.18799278014934,
1,5.28,-65.1317761469408,4.06098684543407,
1,5.285,-67.9154751825853,4.18799278014934,
1,5.29,-68.3484967279955,3.99747630828655,
1,5.295,-68.2660153437181,3.93399605029857,
1,5.3,-68.4103558588548,4.25148817771709,
1,5.305,-67.6267941523119,4.25148817771709,
1,5.31,-67.6680348444505,3.87048551315105,
1,5.315,-63.6677601862474,3.93399605029857,
1,5.32,-56.8013051081224,4.44198951000011,
1,5.325,-58.0178845453783,3.23548611873424,
1,5.33,-42.7590954828783,-0.511014850198865,
1,5.335,-19.5822308588548,-5.40050867325032,
1,5.34,-6.17924004083117,-8.38500431305134,
1,5.345,8.91458959097425,-7.75002005821431,
1,5.35,27.8849741887526,-6.35300019508565,
1,5.355,44.9995638799147,-7.242011458933,
1,5.36,56.7323367070631,-9.84551957374775,
1,5.365,68.3620058965163,-10.8615064931508,
1,5.37,70.3621432256178,-9.21051260954107,
1,5.375,69.8672625493483,-7.62300655370914,
1,5.38,66.7948901128248,-8.06751218563283,
1,5.385,67.8877474736647,-9.78200903660023,
1,5.39,68.0320879888014,-10.4805113983747,
1,5.395,68.7744051885084,-9.33751097446644,
1,5.4,68.0939471196608,-8.38501188284122,
1,5.405,69.6816851567702,-9.14701342707837,
1,5.41,75.599623389192,-10.7345081282254,
1,5.415,70.3415286015944,-10.9885124278661,
1,5.42,70.032225317903,-9.71851080036128,
1,5.425,66.7948901128248,-8.76601076251233,
1,5.43,66.8361269902663,-8.95651091201568,
1,5.435,67.0423266362623,-10.0360107341256,
1,5.44,67.0010897588209,-10.5440115270611,
1,5.445,67.8052660893873,-10.0360114437934,
1,5.45,70.3002840947584,-9.27400800710881,
1,5.455,70.8157870244459,-9.08351424461567,
1,5.46,69.6404482793288,-9.90900740152561,
1,5.465,68.4444872807936,-10.4170160008069,
1,5.47,67.3928667973952,-9.84550443416798,
1,5.475,65.8876101445631,-8.19451055055821,
1,5.48,64.4442126225905,-5.0830165458318,
1,5.485,61.4336916875319,-1.52700933939183,
1,5.49,50.4844805669264,0.695488541067004,
1,5.495,28.3592364263014,0.885989873350024,
1,5.5,12.2344061803297,0.504987208783984,
1,5.505,4.97617215628187,1.13999417299068,
1,5.51,0.192335791535776,2.28298702710903,
1,5.515,-1.89028292184313,2.85449102395809,
1,5.52,-2.38516264443835,2.40998539203441,
1,5.525,-1.93152313714464,1.71149060004985,
1,5.53,-2.44702272897204,1.7749859976176,
1,5.535,-3.00376253610094,2.47349592918193,
1,5.54,-4.42654114251574,2.98148938888347,
1,5.545,-8.65363829617937,2.60048672431743,
1,5.55,-14.550954155974,2.28298702710903,
1,5.555,-20.8606694269701,2.21949162954128,
1,5.56,-27.5415452051683,2.66398969167507,
1,5.565,-32.8821213770433,2.8544834541682,
1,5.57,-37.2947972345873,2.66398969167507,
1,5.575,-38.8825371790453,2.28299081200396,
1,5.58,-41.1713555384203,2.53699132674968,
1,5.585,-42.2848332453295,2.85448723906315,
1,5.59,-42.4085553217455,2.72748887413776,
1,5.595,-43.7282345819994,2.34648999446666,
1,5.6,-48.0378087091966,2.15598866218364,
1,5.605,-53.2959073114916,2.53699132674968,
1,5.61,-57.6261036921068,3.10848775380886,
1,5.615,-75.0912335444017,2.98148938888347,
1,5.62,-62.9460576105638,2.34648999446666,
1,5.625,-64.6575177240892,2.34648999446666,
1,5.63,-65.6472790766283,3.29898908609188,
1,5.635,-68.822755150847,4.8864875721339,
1,5.64,-69.1320546198412,5.52148885899818,
1,5.645,-69.2763951349779,4.69599002474582,
1,5.65,-69.9774754572435,4.18798804903066,
1,5.655,-73.6478283930345,4.9499895932678,
1,5.66,-69.7918942499681,5.71198900850153,
1,5.665,-69.3588765192552,5.90248915800488,
1,5.67,-68.9258549738451,5.20398939834571,
1,5.675,-68.7815144587084,4.82298886278307,
1,5.68,-69.3588765192552,5.07698985064065,
1,5.685,-69.0495732355638,5.45798778408802,
1,5.69,-65.6266568232103,5.52149075144565,
1,5.695,-68.4309742975755,5.39448860162533,
1,5.7,-66.3895962763353,5.07698890441692,
1,5.705,-66.2040188837572,5.26749023669994,
1,5.71,-65.770997338347,5.5849861490134,
1,5.715,-67.5443165827318,5.39449238652027,
1,5.72,-68.4928372431322,5.14048808687961,
1,5.725,-68.9464734125658,4.94999053949153,
1,5.73,-68.6990368891283,5.2039872693423,
1,5.735,-68.8846142817064,5.83898666375911,
1,5.74,-68.5753148127123,5.71198829883373,
1,5.745,-68.6784146357103,5.26749023669994,
1,5.75,-68.8639958429857,4.94999053949153,
1,5.755,-68.8433735895677,5.2039872693423,
1,5.76,-68.8639958429857,5.71198829883373,
1,5.765,-68.8433735895677,5.58498993390834,
1,5.77,-67.9360974360033,4.88649514192378,
1,5.775,-66.6164181757494,4.06098684543407,
1,5.78,-63.0697796869798,1.96548732990062,
1,5.785,-50.1410496759935,-0.828506977617383,
1,5.79,-28.5725434351488,-2.92401406294072,
1,5.795,-9.51967766170939,-3.30500915771687,
1,5.8,-4.98328094964464,-2.86051109558307,
1,5.805,-1.58098345284899,-3.11451539522375,
1,5.81,4.5843922566847,-4.1305098844167,
1,5.815,9.82186765188734,-4.70200631147587,
1,5.82,14.8737647008375,-4.38451418405736,
1,5.825,17.9461428594069,-3.68601182228291,
1,5.83,21.5546404790358,-3.81301018720829,
1,5.835,29.1015536260084,-4.25750824934208,
1,5.84,37.1433474492506,-4.70201388126576,
1,5.845,44.0304247807936,-4.4480095816251,
1,5.85,50.3195177983717,-4.06700691705906,
1,5.855,57.2684542607741,-4.00351530438627,
1,5.86,63.0008074712233,-4.38451039916241,
1,5.865,68.6300646733717,-4.89251142865384,
1,5.87,64.4648272466139,-4.70201009637082,
1,5.875,65.0009524297194,-4.1305098844167,
1,5.88,64.67102689261,-4.1305098844167,
1,5.885,65.8257510137038,-4.44801336652005,
1,5.89,68.9393679570631,-4.82901035374368,
1,5.895,69.4548632573561,-4.76550927883351,
1,5.9,75.5583788823561,-4.32101121669972,
1,5.905,68.3001467656569,-4.19401095932686,
1,5.91,68.8156496953444,-4.57501173144543,
1,5.915,68.7125460576491,-4.95601061111653,
1,5.92,67.6403033208327,-4.63851067735219,
1,5.925,65.3308703374342,-4.32101086186582,
1,5.93,65.3102480840163,-4.00351069154555,
1,5.935,65.5370699834303,-4.00351104637945,
1,5.94,65.8876101445631,-4.13051083064044,
1,5.945,65.7432696294264,-4.06701164817774,
1,5.95,65.7020251225905,-3.68600992983544,
1,5.955,66.217528052278,-3.68601182228291,
1,5.96,65.8257510137038,-4.00350962704384,
1,5.965,66.1556689214186,-4.00351151949132,
1,5.97,66.19690579886,-3.55900967246258,
1,5.975,66.3206316899733,-3.49551048999989,
1,5.98,66.3412463139967,-3.81301018720829,
1,5.985,66.19690579886,-4.06701448684895,
1,5.99,66.2793871831373,-3.94000855213368,
1,5.995,70.0734621953444,-3.81301018720829,
1,6.0,69.5785891484694,-3.7495110047456,
1,6.005,69.4548632573561,-3.7495110047456,
1,6.01,57.3715578984694,-3.81301018720829,
1,6.015,69.9291216802077,-3.68601182228291,
1,6.02,69.4342486333327,-3.62250885492527,
1,6.025,69.3311449956373,-3.62251642471516,
1,6.03,67.0423266362623,-4.06700691705906,
1,6.035,66.7948901128248,-4.19401285177434,
1,6.04,66.6093050908522,-3.62250885492527,
1,6.045,65.6195513677077,-3.36851212507451,
1,6.05,67.0629488896803,-3.74950721985066,
1,6.055,67.0010897588209,-4.00351151949132,
1,6.06,67.0217043828444,-3.74951478964055,
1,6.065,67.2279040288405,-3.62250885492529,
1,6.07,66.1144244145827,-3.81301018720828,
1,6.075,65.3514849614577,-3.4955104899999,
1,6.08,64.2998721074538,-2.35251006609166,
1,6.085,61.8873278569655,-0.95551291233264,
1,6.09,57.2065951299147,-0.0030138207074262,
1,6.095,53.8867785405592,0.187495081365452,
1,6.1,52.5258585881666,-0.0030138207074404,
1,6.105,51.7629191350416,-0.0030138207074262,
1,6.11,50.0514590215162,0.377988843858585,
1,6.115,48.0306994389967,0.631993143499241,
1,6.12,45.3913447331862,0.568490176141648,
1,6.125,45.0408045720534,0.377988843858585,
1,6.13,45.3501040410475,0.314485876500964,
1,6.135,43.1643855046705,0.504987208783998,
1,6.14,42.3395869206862,0.695496110856876,
1,6.145,40.3600680303053,0.758983938634753,
1,6.15,39.2053477239088,0.56849017614162,
1,6.155,37.5763689946608,0.50498720878397,
1,6.16,36.6278483342604,0.504994778573885,
1,6.165,36.0092493962721,0.631985573709383,
1,6.17,35.8236681889967,0.75899150842464,
1,6.175,34.8545290898756,0.631985573709354,
1,6.18,33.8029124211744,0.504987208783998,
1,6.185,32.1326929997877,0.56849017614162,
1,6.19,31.1429316472487,0.631993143499227,
1,6.195,29.4314753484205,0.695488541067018,
1,6.2,28.4210955571608,0.631985573709354,
1,6.205,26.8952166509108,0.504994778573885,
1,6.21,26.1735178899244,0.568482606351733,
1,6.215,26.3797175359205,0.695496110856891,
1,6.22,25.4518191289381,0.758983938634753,
1,6.225,23.9259402226881,0.631993143499255,
1,6.23,21.7402197789625,0.822486905992403,
1,6.235,18.6678416203932,1.01298823827539,
1,6.24,16.3171641301588,1.39399090284145,
1,6.245,13.8221461247877,1.4574863004092,
1,6.25,8.13102979177992,1.39399090284146,
1,6.255,9.24450940603773,1.26699253791606,
1,6.26,6.7288710545973,1.20348957055841,
1,6.265,4.81121224875013,1.33048793548381,
1,6.27,3.2028529118971,1.39398333305156,
1,6.275,2.04813451284925,1.45749387019908,
1,6.28,0.955275244660776,1.33048793548381,
1,6.285,-0.199444108061392,1.20348957055843,
1,6.29,-0.529363923124869,1.33048793548381,
1,6.295,-1.64284353738268,1.33048793548381,
1,6.3,-2.38516264443835,1.45749387019908,
1,6.305,-3.18934231286486,1.4574863004092,
1,6.31,-4.24096136575182,1.52098926776683,
1,6.315,-5.80808024888476,1.39399090284145,
1,6.32,-8.73611824994524,1.26698496812618,
1,6.325,-11.5404363203569,1.26699253791606,
1,6.33,-11.29299633985,1.39399090284145,
1,6.335,-17.1696923304125,1.4574863004092,
1,6.34,-19.9121506739183,1.33048793548381,
1,6.345,-21.8504288721605,1.20348957055843,
1,6.35,-23.2938273478075,1.33048793548381,
1,6.355,-24.9434264231249,1.45749387019908,
1,6.36,-26.8404648829027,1.71148303025997,
1,6.365,-27.2528641748949,1.52098926776683,
1,6.37,-24.7578471231981,1.13999417299068,
1,6.375,-23.4175475168749,0.822486905992389,
1,6.38,-22.3040688562914,-0.130012185632825,
1,6.385,-20.4276497889086,-1.40001097446644,
1,6.39,-16.3036525774523,-2.16200873380864,
1,6.395,-11.746635966353,-2.28901466852391,
1,6.4,-6.81845956330736,-2.28900709873402,
1,6.405,-1.62222319131335,-2.7335127306577,
1,6.41,2.79045361990492,-2.98750946050847,
1,6.415,7.55366963858167,-2.79700812822545,
1,6.42,12.7292868565993,-2.60651436573231,
1,6.425,17.9049021672682,-2.79700812822545,
1,6.43,21.3278204869703,-2.92401406294072,
1,6.435,24.5651575993971,-2.92400649315083,
1,6.44,28.0086962651686,-2.79701569801533,
1,6.445,32.4007517766432,-2.79700812822546,
1,6.45,38.5867487859205,-2.79700812822543,
1,6.455,45.7831217717604,-3.11451539522374,
1,6.46,54.0723559331373,-3.0510124278661,
1,6.465,62.6915118169264,-2.79700812822545,
1,6.47,68.0114657353834,-2.54301139837468,
1,6.475,64.1349093388991,-2.7335127306577,
1,6.48,64.9803301763014,-3.17801079279149,
1,6.485,66.4649645757155,-3.24151376014912,
1,6.49,66.8773638677077,-2.86051109558308,
1,6.495,67.1248080205397,-2.54300382858479,
1,6.5,66.8773638677077,-2.86051109558308,
1,6.505,69.8054034184889,-3.49551048999989,
1,6.51,69.5992037724928,-3.43201509243214,
1,6.515,66.5062090825514,-2.67000976330006,
1,6.52,65.9288470220045,-2.41601303344929,
1,6.525,63.6194064092116,-2.28900709873402,
1,6.53,57.04163236136,-0.828506977617383,
1,6.535,40.1744868230299,2.15598866218364,
1,6.54,22.8536974858717,4.18799278014934,
1,6.545,12.151926703401,4.37847897285259,
1,6.55,8.58466977591078,3.61648878330028,
1,6.555,0.769694991059701,3.61648878330028,
1,6.56,-2.79756241326769,4.56899544471538,
1,6.565,-8.05565875058611,5.58498993390834,
1,6.57,-11.7053959894701,5.33098563426769,
1,6.575,-18.6955712366625,4.4419895100001,
1,6.58,-29.149903588347,4.06098684543408,
1,6.585,-38.202077202849,4.88649514192377,
1,6.59,-47.2748692560716,5.39448860162535,
1,6.595,-54.9042637873216,5.33098563426767,
1,6.6,-61.9769185114427,4.75948920720851,
1,6.605,-67.3174946833177,4.37848654264247,
1,6.61,-69.6063130426927,5.14049187177455,
1,6.615,-70.4104931879564,5.45799156898296,
1,6.62,-69.6475537348314,5.2039872693423,
1,6.625,-69.8949940729662,4.8864875721339,
1,6.63,-70.7610333490892,4.69599002474582,
1,6.635,-63.8120968866869,5.01348972195423,
1,6.64,-67.4824574518724,5.52149075144565,
1,6.645,-67.4205945063158,5.39448860162532,
1,6.65,-67.0700581598802,5.07698890441692,
1,6.655,-66.2246373224779,4.94998675459659,
1,6.66,-67.6886570978685,5.14048997932709,
1,6.665,-69.6269352961107,5.39449049407279,
1,6.67,-69.6475537348314,5.39448860162532,
1,6.675,-70.9672329950853,5.20398916178977,
1,6.68,-69.8125126886888,5.39448860162532,
1,6.685,-70.4517338800951,5.77548937374389,
1,6.69,-70.1836751032396,6.53748926208949,
1,6.695,-70.8022740412279,6.85498943240976,
1,6.7,-70.348634057097,6.53748902553356,
1,6.705,-69.1526730585619,6.34698863947427,
1,6.71,-66.8019955683275,6.15649014586246,
1,6.715,-66.6370366144701,6.7914876478318,
1,6.72,-66.3071187067552,6.85498872274196,
1,6.725,-65.5854161310716,6.60099199289119,
1,6.73,-68.9052365351244,6.41048687571324,
1,6.735,-69.0701954889818,6.53748902553355,
1,6.74,-69.1732953119798,6.79148954027927,
1,6.745,-68.4928372431322,6.85498872274196,
1,6.75,-69.1114361811205,6.72799035781658,
1,6.755,-68.9052365351244,6.41049066060817,
1,6.76,-69.3176358271166,6.34698769325054,
1,6.765,-69.0289547968431,6.60099199289119,
1,6.77,-67.5236943293138,6.72798278802669,
1,6.775,-65.9771969843431,6.72799035781658,
1,6.78,-65.6266568232103,6.72799035781658,
1,6.785,-65.5441792536302,6.53748902553356,
1,6.79,-64.1626370478197,6.79148575538433,
1,6.795,-68.3278744745775,6.72799035781658,
1,6.8,-68.0804341364427,6.72799035781658,
1,6.805,-67.3793576288744,6.34698769325054,
1,6.81,-67.8123753595873,6.41049823039806,
1,6.815,-67.6061757135912,6.60098442310131,
1,6.82,-67.4412167597337,6.9184916900996,
1,6.825,-67.4412167597337,6.34698769325054,
1,6.83,-65.9565785456224,4.44198951000011,
1,6.835,-65.1936390924974,2.09249326461589,
1,6.84,-61.7088597345873,1.01298066848552,
1,6.845,-55.3991444635912,1.20349714034832,
1,6.85,-49.9760869074388,1.64798006290233,
1,6.855,-48.4914486933275,1.0129958080653,
1,6.86,-50.3266270685716,0.123984544217944,
1,6.865,-51.5019658136888,-0.130012185632825,
1,6.87,-52.0587056208177,0.441491811216235,
1,6.875,-52.0174687433763,0.885989873350024,
1,6.88,-51.3370068598314,0.758983938634753,
1,6.885,-50.8008893061205,0.123999683797717,
1,6.89,-51.5432065058275,-0.066516788065076,
1,6.895,-52.1205685663744,0.123984544217944,
1,6.9,-52.5535862970873,0.504987208783984,
1,6.905,-53.460866265349,0.505002348363757,
1,6.91,-54.0176060724779,0.377981274068713,
1,6.915,-54.5537236261888,0.187495081365466,
1,6.92,-55.852784447722,0.123984544217944,
1,6.925,-56.7394421625658,0.314485876500964,
1,6.93,-57.2961819696947,0.377996413648486,
1,6.935,-58.6777241755052,0.314485876500964,
1,6.94,-64.8224766779466,0.187495081365466,
1,6.945,-59.4819005060716,0.187479941785693,
1,6.95,-60.1623623896166,0.250990478933215,
1,6.955,-60.5335209894701,0.314485876500964,
1,6.96,-60.4510396051927,0.250990478933215,
1,6.965,-56.4507649469896,0.250990478933215,
1,6.97,-42.5528958368822,0.123984544217944,
1,6.975,-33.8100197840257,-0.955497772752881,
1,6.98,-19.2523110437914,-4.25751581913197,
1,6.985,-5.47816067223986,-8.9565083099004,
1,6.99,10.4404684972243,-12.004514486849,
1,6.995,37.3083102178053,-12.0680098844167,
1,7.0,55.9075381230787,-10.7345156980153,
1,7.005,69.4342486333327,-10.7980110955831,
1,7.01,69.2074267339186,-12.5125079465505,
1,7.015,70.3209063481764,-13.9730080676671,
1,7.02,67.9496066045241,-13.4650146079656,
1,7.025,65.8463656377272,-12.0680098844167,
1,7.03,68.4444872807936,-12.004514486849,
1,7.035,69.0630862187819,-13.21100652343,
1,7.04,71.7024447392897,-14.2905115497705,
1,7.045,71.4137637090163,-14.1635112923976,
1,7.05,67.9908434819655,-13.1475111258622,
1,7.055,67.2897707890944,-12.6395103329268,
1,7.06,67.8465105962233,-13.4015104578283,
1,7.065,68.4651095342116,-14.2905106035467,
1,7.07,71.1044680547194,-14.1000102174875,
1,7.075,71.7230669927077,-13.0840119433996,
1,7.08,68.3413836430983,-12.8935106111165,
1,7.085,68.2382876347975,-13.4650146079656,
1,7.09,68.8981234502272,-14.0365110350248,
1,7.095,68.7537829350905,-13.7825067353841,
1,7.1,72.2179400395827,-13.0840119433995,
1,7.105,71.3725268315748,-12.8935030413266,
1,7.11,69.1249453496413,-13.5285251451131,
1,7.115,70.4858614873366,-14.0365034652349,
1,7.12,85.8683764409498,-13.5920054031011,
1,7.125,79.8473345708327,-10.8615216327306,
1,7.13,62.3203494023756,-3.62250128513539,
1,7.135,36.7515704106764,4.18797764056957,
1,7.14,0.419154829926889,9.71250113719737,
1,7.145,-26.6961262751146,10.3474853920344,
1,7.15,-60.8222020197435,8.95048066848552,
1,7.155,-70.6785519648119,9.5854952024821,
1,7.16,-70.0599530268236,12.3159941124324,
1,7.165,-71.6064541864916,14.3479830908183,
1,7.17,-70.2042935419603,13.2684932040576,
1,7.175,-72.1631939936205,11.2999844836596,
1,7.18,-72.7817929316087,11.2364890860919,
1,7.185,-70.1424344111009,13.2684932040576,
1,7.19,-68.719655327849,14.6019873904589,
1,7.195,-71.0703328180834,13.7129912661914,
1,7.2,-71.1940548944994,12.2524873601798,
1,7.205,-71.1321919489427,12.506489767373,
1,7.21,-69.9774754572435,13.9034888135794,
1,7.215,-69.5032132196947,14.792488722742,
1,7.22,-65.5441792536302,13.9669898884896,
1,7.225,-68.5959370661302,12.8874867545966,
1,7.23,-68.6784146357103,12.8874905394915,
1,7.235,-68.5959370661302,13.7764904486541,
1,7.24,-69.0083363581224,14.3479868757132,
1,7.245,-67.4618351984545,13.6494882988337,
1,7.25,-65.9565785456224,12.8874905394915,
1,7.255,-65.3792164850755,12.8874905394915,
1,7.26,-69.4619763422533,13.6494882988337,
1,7.265,-66.2040188837572,14.0939863609675,
1,7.27,-67.7505162287279,13.6494882988337,
1,7.275,-64.7606175470873,11.1729861187342,
1,7.28,-63.3378384638353,5.96600016826427,
1,7.285,-58.5333836603685,0.568482606351733,
1,7.29,-32.201661400847,-2.79701569801533,
1,7.295,-11.8084960508867,-3.55900588756764,
1,7.3,4.54315251822035,-3.36850455528462,
1,7.305,30.6892916631178,-3.94000855213368,
1,7.31,43.8242251347975,-5.46401921039784,
1,7.315,50.0308405827955,-6.41651073223317,
1,7.32,53.3918978642897,-5.97201267009938,
1,7.325,55.8456789922194,-4.95601061111653,
1,7.33,57.0828768681959,-4.82900467640126,
1,7.335,60.8150927495436,-5.84500673538409,
1,7.34,64.6504122685866,-6.67051503187385,
1,7.345,70.1765658330397,-6.35301533466542,
1,7.35,69.7641665410475,-5.4005086732503,
1,7.355,69.496107764192,-5.21000734096728,
1,7.36,69.3311449956373,-6.22601696974005,
1,7.365,65.7226473760084,-7.30550685650075,
1,7.37,65.7226473760084,-6.86100879436696,
1,7.375,65.1040484380202,-5.90851727253163,
1,7.38,64.918471045442,-5.65450540310109,
1,7.385,64.2586276006178,-6.4800136995908,
1,7.39,64.0524279546217,-6.98801094418728,
1,7.395,63.6400286626295,-6.73401042944158,
1,7.4,64.2998721074538,-5.97201267009937,
1,7.405,67.6196886968092,-5.78150755292141,
1,7.41,68.1558062505202,-6.03551185256207,
1,7.415,67.3928667973952,-6.54351098960602,
1,7.42,66.7742678594069,-6.54351098960602,
1,7.425,66.5886904668288,-5.52751082307065,
1,7.43,66.959845251985,-3.68601087605917,
1,7.435,64.6297900151686,-1.78101080036128,
1,7.44,61.6811282109694,-0.955511019885182,
1,7.445,57.0003954839186,-0.955511019885182,
1,7.45,48.7524020146803,-1.01901114857161,
1,7.455,39.9270464848952,-0.63801084956491,
1,7.46,36.3185488652662,0.060489146650195,
1,7.465,35.7411906194166,0.377989316970467,
1,7.47,39.3496882390455,0.123989275336623,
1,7.475,38.8341891240553,-0.257011023670077,
1,7.48,38.2155863713698,-0.193510894983649,
1,7.485,37.4320284795241,0.123989275336623,
1,7.49,37.4114100408034,0.377989316970467,
1,7.495,35.8649088811354,0.250989059597611,
1,7.5,36.1948306035475,-0.003010982036233,
1,7.505,35.5349909734205,-0.003010982036233,
1,7.51,34.0503527593092,0.250989532709479,
1,7.515,32.5863329839186,0.3779888438586,
1,7.52,32.6069514226393,0.314489188284039,
1,7.525,32.1120707463698,0.060489146650195,
1,7.53,32.5244738530592,0.123989275336623,
1,7.535,32.8337733220534,0.250989059597611,
1,7.54,32.9574915837721,0.314489188284039,
1,7.545,32.4419924687819,0.314489188284039,
1,7.55,32.6069514226393,0.187488930911182,
1,7.555,32.3388926457838,0.187489404023052,
1,7.56,34.0709711980299,0.187488930911183,
1,7.565,34.5039889287428,0.25098905959761,
1,7.57,36.6072298955397,0.31448918828404,
1,7.575,37.9269091557936,0.123989275336623,
1,7.58,40.9580447148756,-0.765010633825899,
1,7.585,48.4224802922682,-1.90801105773413,
1,7.59,60.8357150029616,-2.79701096689665,
1,7.595,71.6612078618483,-2.79701073034072,
1,7.6,61.2481142949537,-2.16201086281204,
1,7.605,62.2584902715162,-2.28901088362896,
1,7.61,63.6400286626295,-2.92401122426951,
1,7.615,63.9905688237623,-3.43201036131346,
1,7.62,64.1761462163405,-3.24151092147791,
1,7.625,65.2690112065748,-2.54301045215094,
1,7.63,64.7535082768873,-2.41601114100182,
1,7.635,65.1452853154616,-2.92401027804577,
1,7.64,65.2483889531569,-3.62251074737274,
1,7.645,65.0215670537428,-3.62251074737275,
1,7.65,64.5679308843092,-2.86051109558308,
1,7.655,64.9597079228834,-2.47951221591198,
1,7.66,64.7947527837233,-3.05100864297116,
1,7.665,65.1659075688795,-3.62251263982022,
1,7.67,64.4854495000319,-3.4320113075372,
1,7.675,65.2690112065748,-2.73350894576275,
1,7.68,64.67102689261,-2.60651058083737,
1,7.685,65.8876101445631,-3.30501294261181,
1,7.69,68.5682055425123,-3.62250885492527,
1,7.695,69.0218493413405,-3.1145116103288,
1,7.7,68.6506869267897,-2.670013548195,
1,7.705,67.72278470511,-2.86051109558308,
1,7.71,65.6195513677077,-3.36851212507451,
1,7.715,65.1040484380202,-3.36850455528462,
1,7.72,64.8978487920241,-2.79701569801533,
1,7.725,59.2067324590162,-1.65400770431721,
1,7.73,40.5662676763014,1.39399090284145,
1,7.735,17.3069235753493,5.64848533147609,
1,7.74,6.1102711629347,9.26799172037876,
1,7.745,-6.90093951707323,9.45848926776684,
1,7.75,-23.3144476938768,8.25198587650096,
1,7.755,-44.9654324579759,8.18849047893321,
1,7.76,-59.7499630976244,9.71248978251255,
1,7.765,-69.7094128656908,11.1729880111817,
1,7.77,-70.2249157953783,10.7919900777344,
1,7.775,-70.5754521418138,9.26798888170755,
1,7.78,-69.7712758112474,8.95048918449914,
1,7.785,-69.8331349421068,10.3474901231531,
1,7.79,-68.6371739435716,11.42698663348,
1,7.795,-70.6991742182298,10.9824923562411,
1,7.8,-71.2765324640795,10.0934886621836,
1,7.805,-70.1218159723802,10.0934848772887,
1,7.81,-69.9568532038255,10.8554939913157,
1,7.815,-69.3382542658373,11.5539887833003,
1,7.82,-67.8536160517259,11.1094907211665,
1,7.825,-66.0596783686205,10.3474853920344,
1,7.83,-66.5133183527513,10.220487027109,
1,7.835,-69.0701954889818,10.7284956263903,
1,7.84,-69.3382542658373,11.1094907211665,
1,7.845,-68.5753148127123,10.9189893888835,
1,7.85,-68.822755150847,10.4744913267497,
1,7.855,-69.8125126886888,10.2204794573191,
1,7.86,-68.5134556818529,10.7284880566005,
1,7.865,-67.5855572748705,11.1094907211665,
1,7.87,-66.5545552301927,10.9189893888834,
1,7.875,-66.3071187067552,9.01399120563307,
1,7.88,-63.6265194941088,3.99749144786632,
1,7.885,-50.1204274225756,-1.71751824146473,
1,7.89,-21.417409234099,-5.14651194339955,
1,7.895,-3.93166189675768,-5.27350273853505,
1,7.9,23.2248599004225,-4.57500794655049,
1,7.905,42.6488863896803,-5.40052381283009,
1,7.91,54.4435183476881,-7.24199631935322,
1,7.915,62.8564669560866,-8.13102272278035,
1,7.92,61.6811282109694,-7.30550685650075,
1,7.925,63.0008074712233,-6.22600939995015,
1,7.93,64.155531592317,-6.35301533466542,
1,7.935,65.0421893071608,-7.55950358635151,
1,7.94,66.6711642217116,-8.1945181203481,
1,7.945,67.1248080205397,-7.49600818878377,
1,7.95,66.8979861211256,-6.79751339679921,
1,7.955,69.5992037724928,-7.17850849157536,
1,7.96,69.6816851567702,-8.13100758320056,
1,7.965,69.4136263799147,-8.51201024776663,
1,7.97,69.0012270879225,-8.00401678806508,
1,7.975,65.6195513677077,-7.30550685650075,
1,7.98,62.629652686067,-7.49600818878377,
1,7.985,65.3721072148756,-8.13101515299046,
1,7.99,65.7020251225905,-8.44850728040898,
1,7.995,65.4958254765944,-7.87701463824475,
1,8.0,65.9700915288405,-7.11500930911267,
1,8.005,66.2381503056959,-7.242011458933,
1,8.01,70.0528475713209,-8.00400921827519,
1,8.015,69.3517672490553,-8.25801162546837,
1,8.02,69.24866361136,-7.81351167088711,
1,8.025,68.1558062505202,-6.86101068681443,
1,8.03,68.2589098882155,-6.09901056191289,
1,8.035,64.8566119145827,-5.46401099007914,
1,8.04,63.9905688237623,-4.76551087558606,
1,8.045,63.4750735234694,-4.1305113037523,
1,8.05,65.2277666997389,-4.00351057326758,
1,8.055,62.9389483403639,-3.94001139080489,
1,8.06,63.2482516240553,-3.7495110047456,
1,8.065,64.2792498540358,-3.55900967246258,
1,8.07,65.2483889531569,-3.7495110047456,
1,8.075,65.3721072148756,-3.68601182228291,
1,8.08,66.3824908208327,-3.55900967246258,
1,8.085,66.0113284062819,-3.49551048999989,
1,8.09,66.0731875371413,-3.62251263982022,
1,8.095,66.0525652837233,-3.81301018720829,
1,8.1,65.1659075688795,-3.68601182228291,
1,8.105,65.4133517217116,-3.62250885492528,
1,8.11,68.7950274419264,-3.6860118222829,
1,8.115,69.4548632573561,-3.55900967246258,
1,8.12,69.1043230962233,-3.4955104899999,
1,8.125,68.6300646733717,-3.49551048999989,
1,8.13,69.269285864778,-3.62250885492527,
1,8.135,69.5992037724928,-3.68601182228291,
1,8.14,69.3930041264967,-3.49551048999989,
1,8.145,67.8877474736647,-3.68601182228291,
1,8.15,65.9494692754225,-3.68601182228291,
1,8.155,65.8669878911452,-3.55901345735753,
1,8.16,65.9288470220045,-3.55900588756764,
1,8.165,66.19690579886,-3.68601182228291,
1,8.17,66.0938097905592,-3.62251642471518,
1,8.175,65.9288470220045,-3.36850455528461,
1,8.18,66.5062090825514,-3.0510124278661,
1,8.185,65.8257510137038,-3.11451539522372,
1,8.19,65.9494692754225,-3.11450782543386,
1,8.195,65.8876101445631,-2.86051109558308,
1,8.2,66.4237276982741,-2.54301139837468,
1,8.205,66.444349951692,-2.7335127306577,
1,8.21,66.8155047368483,-3.05100485807621,
1,8.215,66.959845251985,-2.98751703029835,
1,8.22,66.5886904668288,-2.60651436573231,
1,8.225,66.6917864751295,-2.41599789386952,
1,8.23,67.0217043828444,-2.73352030044758,
1,8.235,67.7021700810866,-3.11450782543385,
1,8.24,70.6302020024733,-2.98751703029835,
1,8.245,69.7023074101881,-2.47950843101704,
1,8.25,70.2178027104811,-2.41601303344929,
1,8.255,70.5064837407545,-2.79700055843556,
1,8.26,71.1663271855788,-3.11452296501362,
1,8.265,69.8672625493483,-2.79700055843556,
1,8.27,70.5683428716139,-2.41601303344929,
1,8.275,70.6920611333327,-2.41601303344929,
1,8.28,70.3209063481764,-2.79701569801533,
1,8.285,70.4652468633131,-3.30500915771687,
1,8.29,67.5578295659498,-2.98750189071858,
1,8.295,69.2280489873366,-2.41601303344929,
1,8.3,67.6609255742506,-2.28900709873402,
1,8.305,67.8258883428053,-2.73352030044758,
1,8.31,67.5578295659498,-3.30500915771687,
1,8.315,67.9908434819655,-3.11450782543385,
1,8.32,66.3206316899733,-2.35251763588154,
1,8.325,57.289076514192,-0.701501042902112,
1,8.33,31.9677340459303,2.91797885173595,
1,8.335,9.20326871389906,8.06149968379772,
1,8.34,-5.78746037965258,11.2999920534495,
1,8.345,-31.2943814325853,11.6809795784358,
1,8.35,-46.5737927485033,11.0459953235987,
1,8.355,-67.6680348444505,11.236481516302,
1,8.36,-73.6684506464525,12.6969892072085,
1,8.365,-72.7199338007494,13.7129912661914,
1,8.37,-73.4828732538744,13.2049902366999,
1,8.375,-73.9158947992845,12.2524911450747,
1,8.38,-70.5548337030931,12.5064878749255,
1,8.385,-69.9568532038255,13.585989116371,
1,8.39,-71.7301724482103,14.3479906606082,
1,8.395,-71.3383915949388,13.903486921132,
1,8.4,-71.0497143793627,13.2049892904762,
1,8.405,-70.1218159723802,13.3319894887101,
1,8.41,-67.2556355524584,14.0939892587777,
1,8.415,-66.8432362604662,14.4749899717573,
1,8.42,-70.0187161493822,13.8399877386693,
1,8.425,-69.4207356501146,13.2049902366999,
1,8.43,-68.9258549738451,13.395491568983,
1,8.435,-72.6993115473314,13.9034850286845,
1,8.44,-66.8226178217455,14.1574893283252,
1,8.445,-66.3277371454759,13.6494882988337,
1,8.45,-68.5340741205736,13.3319886016253,
1,8.455,-68.1629155207201,13.7129988359812,
1,8.46,-67.1319172907396,14.03047582382,
1,8.465,-65.4410794306322,13.9035001682643,
1,8.47,-65.3173573542162,13.5859777616862,
1,8.475,-54.2650464106127,11.173001258314,
1,8.48,-59.1519825983568,4.50548490756786,
1,8.485,-30.1190426874681,-4.32101121669972,
1,8.49,-2.26144295220812,-10.5440143657323,
1,8.495,36.4010302495436,-11.3695150924321,
1,8.5,64.5266863774733,-9.0834991050359,
1,8.505,66.5268313359694,-9.21052017933095,
1,8.51,66.6505495976881,-12.3220066142675,
1,8.515,71.0838458013014,-15.1160084915754,
1,8.52,75.1872240971998,-14.2905153346654,
1,8.525,68.4238650273756,-11.6235118222829,
1,8.53,67.72278470511,-10.7980110955831,
1,8.535,67.3516299199538,-13.1475073409673,
1,8.54,68.4651095342116,-15.370012791216,
1,8.545,75.35217923636,-14.8620079768296,
1,8.55,72.6303469609694,-12.7665122461911,
1,8.555,68.8156496953444,-12.1950110880133,
1,8.56,69.5373446416334,-13.7190105098706,
1,8.565,68.485724158235,-15.4970110378634,
1,8.57,68.3826281499342,-15.0525112015601,
1,8.575,71.7230669927077,-13.2110103083249,
1,8.58,70.8776461553053,-12.6395100963708,
1,8.585,67.8465105962233,-13.7190113378164,
1,8.59,68.0527102422194,-14.9255147290822,
1,8.595,68.3826281499342,-14.7350058270093,
1,8.6,69.5579668950514,-13.401511640608,
1,8.605,72.1973254155592,-12.7030092788335,
1,8.61,70.4652468633131,-13.5285100055333,
1,8.615,69.2280489873366,-14.6080074620839,
1,8.62,68.0320879888014,-14.4810166669484,
1,8.625,69.3311449956373,-11.8775085521337,
1,8.63,65.0009524297194,-5.90851727253163,
1,8.635,61.5986544560866,0.822494475782275,
1,8.64,39.7414652776198,3.87048551315105,
1,8.645,11.7189070653395,3.10849532359874,
1,8.65,-5.29258089547594,2.40998539203441,
1,8.655,-26.4074452448412,4.37849411243236,
1,8.66,-42.3466923761888,7.48998054736888,
1,8.665,-53.3577664423509,7.68049701923168,
1,8.67,-57.4817631769701,5.52148696655071,
1,8.675,-58.6777241755052,4.06098684543407,
1,8.68,-63.0697796869798,5.52148696655071,
1,8.685,-66.533936791472,7.8709983515147,
1,8.69,-66.3483555841966,7.74398484700954,
1,8.695,-67.4618351984545,5.71198829883374,
1,8.7,-72.2869122553392,4.8864875721339,
1,8.705,-72.7611706781908,6.47398605817592,
1,8.71,-71.874512963347,8.06149211400782,
1,8.715,-71.6064541864916,7.74398484700954,
1,8.72,-70.9878552485033,6.34699526304042,
1,8.725,-69.5032132196947,5.9659850286845,
1,8.73,-69.2351544428392,6.9184916900996,
1,8.735,-69.0083363581224,7.93448617929256,
1,8.74,-64.8430989313646,7.6169902669791,
